id,value,feed_id,created_at,lat,lon,ele
0EADVYMJV17HHBN1BVKAGAKSPK,"32.6,32.3,32.1,33.1,32.5,33.7,32.0,,40.3,,34.9, , 37.1,58.4,995.4,491.0,146.4",1235641,2019-12-01 02:01:31 UTC,,,
0EADVYS4ZPSCPPAC49JKHH36SK,"32.6,32.3,32.1,33.1,32.5,33.7,31.9,,40.2,,34.9, , 37.1,58.6,995.4,490.5,146.9",1235641,2019-12-01 02:01:46 UTC,,,
0EADVYXQFQT88ZZEDHCC91ZB3C,"32.6,32.3,32.1,33.2,32.5,33.7,31.9,,40.2,,34.9, , 37.0,58.7,995.4,490.5,146.9",1235641,2019-12-01 02:02:01 UTC,,,
0EADVZ2A1XH15V8J7WKWR2YM7D,"32.6,32.3,32.1,33.2,32.5,33.8,32.0,,40.2,,34.8, , 37.0,58.8,995.4,490.5,147.3",1235641,2019-12-01 02:02:16 UTC,,,
0EADVZ6WAYFSTK1T9KN3XFG6C9,"32.6,32.3,32.1,33.2,32.5,33.7,32.0,,40.1,,34.9, , 37.0,58.9,995.4,490.5,147.5",1235641,2019-12-01 02:02:31 UTC,,,
0EADVZBEW6BAH4Z2ZPYRWJZKM8,"32.6,32.3,32.1,33.2,32.5,33.8,31.9,,40.1,,34.9, , 36.9,59.1,995.4,490.5,147.5",1235641,2019-12-01 02:02:46 UTC,,,
0EADVZG1EGKF12HKQS6EK3TS9D,"32.6,32.3,32.1,33.2,32.6,33.8,32.0,,40.1,,34.9, , 36.9,59.1,995.4,489.9,148.3",1235641,2019-12-01 02:03:01 UTC,,,
0EADVZMKVSXD6ZD2B7SZR43XS0,"32.6,32.3,32.2,33.1,32.5,33.8,32.0,,40.1,,34.9, , 36.8,59.2,995.4,491.0,147.9",1235641,2019-12-01 02:03:16 UTC,,,
0EADVZS6610BPRR0JQKH1KAYHW,"32.6,32.3,32.1,33.2,32.5,33.7,32.0,,40.0,,34.8, , 36.8,59.3,995.4,490.5,148.3",1235641,2019-12-01 02:03:31 UTC,,,
0EADVZXRQMATJZCZVMJR1A4AHY,"32.6,32.3,32.1,33.2,32.5,33.8,32.0,,40.0,,34.8, , 36.8,59.4,995.4,491.6,148.3",1235641,2019-12-01 02:03:46 UTC,,,
0EADW02BV699PNYB52K1KPNH9C,"32.6,32.3,32.1,33.2,32.5,33.8,32.0,,40.0,,34.8, , 36.7,59.5,995.4,491.0,148.6",1235641,2019-12-01 02:04:01 UTC,,,
0EADW06XQZ7DXKM6RJT25Y31BG,"32.6,32.3,32.1,33.2,32.5,33.8,32.0,,40.0,,34.8, , 36.7,59.6,995.4,491.0,148.6",1235641,2019-12-01 02:04:16 UTC,,,
0EADW0BG9MXBM5HF82C06WC5A5,"32.6,32.3,32.1,33.2,32.6,33.8,32.0,,40.0,,34.8, , 36.6,59.6,995.4,491.0,148.3",1235641,2019-12-01 02:04:31 UTC,,,
0EADW0G2KNJPHCDH8WSR4FAGF7,"32.8,32.3,32.1,33.2,32.5,33.8,32.0,,40.0,,34.9, , 36.6,59.7,995.4,491.0,148.6",1235641,2019-12-01 02:04:46 UTC,,,
0EADW0MN5V75SZ80SHK15M96FK,"32.6,32.3,32.1,33.2,32.5,33.8,32.0,,39.9,,34.9, , 36.6,59.8,995.4,491.0,149.0",1235641,2019-12-01 02:05:01 UTC,,,
0EADW0S7JX1E589TSMRN4GWY1Q,"32.6,32.3,32.2,33.2,32.5,33.8,32.0,,39.8,,34.9, , 36.5,59.8,995.3,491.6,148.8",1235641,2019-12-01 02:05:16 UTC,,,
0EADW0XT8B3AAMT62HWYP0EH2K,"32.8,32.3,32.1,33.2,32.5,33.8,32.0,,39.9,,34.9, , 36.5,59.8,995.3,491.6,149.0",1235641,2019-12-01 02:05:31 UTC,,,
0EADW12CQWD0954MMDK2C6WA7F,"32.6,32.3,32.2,33.2,32.6,33.8,32.0,,40.0,,34.9, , 36.4,59.8,995.3,492.2,148.7",1235641,2019-12-01 02:05:46 UTC,,,
0EADW16Z93FX7EZNFF9NANXTAR,"32.6,32.3,32.2,33.2,32.5,33.8,32.0,,40.0,,34.9, , 36.4,60.0,995.3,493.0,148.4",1235641,2019-12-01 02:06:01 UTC,,,
0EADW1BHRT4HFR4P128M67FTS9,"32.6,32.5,32.2,33.2,32.6,33.8,32.0,,40.0,,34.9, , 36.4,60.1,995.3,493.5,148.0",1235641,2019-12-01 02:06:16 UTC,,,
0EADW1G40KQRYRCAGF9J399SA0,"32.6,32.3,32.2,33.2,32.5,33.8,32.0,,40.0,,35.0, , 36.3,60.2,995.3,494.1,148.2",1235641,2019-12-01 02:06:31 UTC,,,
0EADW1MPJC23BYXSX1A1WJ81GM,"32.8,32.5,32.2,33.2,32.6,33.8,32.0,,39.9,,34.9, , 36.3,60.3,995.2,494.6,149.4",1235641,2019-12-01 02:06:46 UTC,,,
0EADW1S9A01JZCJ8RB0ZHJ6VSX,"32.6,32.5,32.1,33.2,32.5,33.8,32.3,,39.9,,35.0, , 36.3,60.3,995.2,494.6,149.1",1235641,2019-12-01 02:07:01 UTC,,,
0EADW1XVVJSQ3ZDWHZY9RQJ7R9,"32.8,32.3,32.2,33.2,32.6,33.7,32.8,,39.9,,35.0, , 36.2,60.0,995.3,494.1,148.0",1235641,2019-12-01 02:07:16 UTC,,,
0EADW22EE0RFP84G9MPJYEMAWE,"32.9,32.5,32.2,33.2,32.6,33.6,35.5,,39.7,,35.2, , 36.2,60.1,995.2,494.1,147.4",1235641,2019-12-01 02:07:31 UTC,,,
0EADW270JXZ5P51GH8VECXT9ST,"33.3,32.5,32.3,33.3,32.6,33.6,40.1,,39.8,,35.3, , 36.1,60.6,995.3,494.1,146.2",1235641,2019-12-01 02:07:46 UTC,,,
0EADW2BK7NX39P7J4P04C4X8A2,"33.8,32.3,32.4,33.2,32.6,33.5,45.7,,39.8,,35.4, , 36.1,61.1,995.2,494.1,145.7",1235641,2019-12-01 02:08:01 UTC,,,
0EADW2G5JEKQTWMWT4BW7A4C5G,"34.4,32.5,32.5,33.2,32.6,33.5,50.8,,39.9,,35.4, , 36.0,61.6,995.2,494.1,145.2",1235641,2019-12-01 02:08:16 UTC,,,
0EADW2MQZ9895G7P4AH8NRKVR9,"35.2,32.5,32.6,33.2,32.6,33.5,56.2,,40.1,,35.4, , 36.0,62.0,995.2,494.1,145.6",1235641,2019-12-01 02:08:31 UTC,,,
0EADW2SAJP6N8KP58ZY9067R3X,"36.0,32.5,33.0,33.3,32.6,33.5,61.0,,40.8,,35.4, , 36.0,62.3,995.2,494.1,145.2",1235641,2019-12-01 02:08:46 UTC,,,
0EADW2XX1GF6ZTVJ95A9FF4985,"36.7,32.5,33.1,33.3,32.6,33.4,65.1,,40.9,,35.3, , 35.9,62.6,995.2,495.2,144.1",1235641,2019-12-01 02:09:01 UTC,,,
0EADW32FE0JSJZBVQKFNX3A82E,"37.4,32.5,33.3,33.3,32.6,33.4,69.1,,41.1,,35.5, , 35.9,62.8,995.2,495.8,144.1",1235641,2019-12-01 02:09:16 UTC,,,
0EADW371Y31X2N77JQQ2JPS8QE,"38.0,32.5,33.5,33.3,32.6,33.4,72.5,,41.5,,35.5, , 35.9,63.1,995.2,495.8,144.7",1235641,2019-12-01 02:09:31 UTC,,,
0EADW3BMG2PE6TN8FZXAQM8PSH,"38.7,32.5,33.7,33.3,32.6,33.4,75.7,,41.7,,35.7, , 35.9,63.4,995.2,496.3,144.6",1235641,2019-12-01 02:09:46 UTC,,,
0EADW3G77S12QWCE93CZ3WCFS9,"39.3,32.5,33.9,33.3,32.6,33.4,78.3,,42.2,,35.8, , 35.9,63.6,995.1,496.3,144.7",1235641,2019-12-01 02:10:01 UTC,,,
0EADW3MSADW26XZ3TS75N7881E,"39.8,32.6,34.1,33.4,32.8,33.5,80.6,,42.8,,35.7, , 35.9,63.7,995.2,498.8,144.0",1235641,2019-12-01 02:10:16 UTC,,,
0EADW3SC1HQH733YM3JMHVEZ5H,"40.4,32.6,34.3,33.4,32.6,33.4,83.0,,43.4,,35.7, , 35.9,63.9,995.2,498.8,144.5",1235641,2019-12-01 02:10:31 UTC,,,
0EADW3XYX7YHX44S5THDDCQ6JD,"40.7,32.6,34.6,33.4,32.6,33.4,84.9,,43.7,,35.7, , 35.8,64.1,995.1,498.8,143.9",1235641,2019-12-01 02:10:46 UTC,,,
0EADW42H0QGZ7M8VR54Z6A9HFA,"41.3,32.6,34.7,33.4,32.6,33.4,86.8,,44.2,,35.8, , 35.8,64.3,995.1,498.8,143.9",1235641,2019-12-01 02:11:01 UTC,,,
0EADW473E1YH6A5ZF9966TYV8R,"41.6,32.6,34.9,33.5,32.8,33.5,88.4,,44.2,,35.8, , 35.8,64.5,995.1,496.3,143.0",1235641,2019-12-01 02:11:16 UTC,,,
0EADW4BP2F2HW9FBNB47GJ2Y88,"41.9,32.6,35.0,33.5,32.8,33.5,89.5,,44.4,,35.8, , 35.8,64.6,995.1,498.8,142.7",1235641,2019-12-01 02:11:31 UTC,,,
0EADW4G8C6HWZHGHHD3Y2GHT1N,"42.0,32.6,35.2,33.5,32.8,33.5,90.8,,44.9,,35.9, , 35.8,64.8,995.1,498.8,143.2",1235641,2019-12-01 02:11:46 UTC,,,
0EADW4MV04XZD4M2JR4H02V3QV,"42.3,32.7,35.5,33.7,32.8,33.5,91.8,,45.2,,36.1, , 35.8,64.9,995.1,499.4,142.5",1235641,2019-12-01 02:12:01 UTC,,,
0EADW4SD6DH61ZSGEAMM4WQ3BC,"42.7,32.7,35.6,33.7,32.8,33.5,92.8,,45.5,,35.9, , 35.8,65.1,995.0,499.9,142.3",1235641,2019-12-01 02:12:16 UTC,,,
0EADW4Y08R18SPBS8TJYPVHVCZ,"43.0,32.7,35.8,33.8,32.8,33.5,93.7,,46.2,,35.8, , 35.8,65.3,995.0,499.9,142.0",1235641,2019-12-01 02:12:31 UTC,,,
0EADW52JC1ZNQ4CY2W7N29CXWV,"43.0,32.8,35.9,33.8,32.8,33.5,94.5,,46.4,,35.9, , 35.9,65.4,995.1,499.9,141.8",1235641,2019-12-01 02:12:46 UTC,,,
0EADW5752MB5B5XDB7E3K38X6T,"43.4,32.8,36.0,33.9,32.8,33.6,95.2,,46.5,,35.9, , 35.9,65.5,995.0,500.5,141.2",1235641,2019-12-01 02:13:01 UTC,,,
0EADW5BQ5MG6B0Q7RMH054ECC5,"43.8,32.9,36.2,33.9,32.9,33.6,95.8,,47.3,,35.7, , 35.9,65.7,995.0,500.7,141.5",1235641,2019-12-01 02:13:16 UTC,,,
0EADW5G9Q8K2N39D0MADF1MY8Q,"44.0,32.9,36.4,34.0,32.9,33.6,96.4,,47.6,,35.6, , 35.9,65.8,995.0,501.3,141.4",1235641,2019-12-01 02:13:31 UTC,,,
0EADW5MW8T6ZVS433SYNB5361E,"44.1,33.0,36.5,34.0,32.9,33.7,96.8,,48.1,,35.5, , 35.9,65.9,995.0,500.5,141.9",1235641,2019-12-01 02:13:46 UTC,,,
0EADW5SEP8A8HGKR3WX062KQY2,"44.3,33.0,36.7,34.1,32.9,33.7,97.4,,48.1,,35.6, , 35.9,66.1,995.0,501.3,140.9",1235641,2019-12-01 02:14:01 UTC,,,
0EADW5Y13BF17Z1Q71A8K692AR,"44.7,33.0,36.8,34.1,32.9,33.7,97.6,,48.8,,35.5, , 35.9,66.2,995.0,500.7,140.7",1235641,2019-12-01 02:14:16 UTC,,,
0EADW62KNVR8DR209STK1P36B2,"45.0,33.1,36.9,34.2,32.9,33.8,98.1,,49.1,,35.4, , 35.9,66.3,995.0,501.3,140.6",1235641,2019-12-01 02:14:31 UTC,,,
0EADW676A3MVFNYYYD9986CV8K,"45.1,33.1,37.0,34.3,32.9,33.8,98.4,,49.4,,35.5, , 36.0,66.4,995.0,500.5,140.2",1235641,2019-12-01 02:14:46 UTC,,,
0EADW6BRWB09W7M5GC4ZABSTWS,"45.2,33.2,37.0,34.3,33.0,33.8,98.6,,50.1,,35.9, , 36.0,66.5,995.0,500.5,140.4",1235641,2019-12-01 02:15:01 UTC,,,
0EADW6GB23Z0HBS0QH4W3EN5BQ,"45.6,33.2,37.1,34.4,33.0,33.8,98.9,,50.5,,35.9, , 36.0,66.7,995.0,500.5,140.1",1235641,2019-12-01 02:15:16 UTC,,,
0EADW6MXKXTRQRQD9XSRAWWY58,"45.7,33.5,37.3,34.6,33.0,33.8,99.2,,50.6,,35.7, , 36.0,66.8,995.0,499.9,139.8",1235641,2019-12-01 02:15:31 UTC,,,
0EADW6SG143KAM2QJW3H59N1FX,"45.9,33.5,37.4,34.6,33.0,33.8,99.5,,50.6,,35.7, , 36.1,66.9,995.0,500.7,140.1",1235641,2019-12-01 02:15:46 UTC,,,
0EADW6Y2WMDZMVB86988CEVV0K,"46.0,33.5,37.5,34.7,33.0,33.9,99.5,,50.7,,35.8, , 36.1,67.0,995.0,500.5,139.4",1235641,2019-12-01 02:16:01 UTC,,,
0EADW72NFBNGGD4YBYQNG40MNE,"46.0,33.6,37.6,34.7,33.0,33.9,99.8,,51.1,,35.8, , 36.1,67.1,995.0,500.5,139.4",1235641,2019-12-01 02:16:16 UTC,,,
0EADW777J1WA12TJQSBPNDQ460,"46.3,33.7,37.7,34.8,33.0,34.0,100.0,,51.4,,35.9, , 36.1,67.2,995.0,500.5,139.2",1235641,2019-12-01 02:16:31 UTC,,,
0EADW7BT1QV59PD402KHCB6NN9,"46.4,33.7,37.8,34.8,33.0,34.0,100.2,,51.8,,35.8, , 36.2,67.3,995.0,500.5,139.7",1235641,2019-12-01 02:16:46 UTC,,,
0EADW7GD7CTTJDR9Q2P7AN5FEJ,"46.6,33.8,37.9,34.9,33.1,34.0,100.4,,52.1,,35.7, , 36.2,67.4,995.0,500.5,139.2",1235641,2019-12-01 02:17:01 UTC,,,
0EADW7MZ13M33VVHMW57S14F76,"46.8,33.9,38.0,35.0,33.0,34.0,100.4,,52.1,,35.8, , 36.2,67.5,995.0,500.5,139.1",1235641,2019-12-01 02:17:16 UTC,,,
0EADW7SHNW5BRNZ3J13X6G5HTA,"46.9,34.0,38.0,35.0,33.1,34.0,100.7,,52.1,,35.9, , 36.3,67.6,995.0,500.5,139.1",1235641,2019-12-01 02:17:31 UTC,,,
0EADW7Y45TGB5G3H665XEJE7VB,"47.0,34.0,38.2,35.1,33.1,34.1,100.8,,52.3,,35.9, , 36.3,67.7,995.0,500.5,138.0",1235641,2019-12-01 02:17:46 UTC,,,
0EADW82PN012KG7MRTHB9BVSH7,"47.2,34.1,38.3,35.2,33.1,34.1,100.9,,52.8,,35.8, , 36.3,67.8,995.0,500.5,138.7",1235641,2019-12-01 02:18:01 UTC,,,
0EADW878ZNMANQ229ERS826SFQ,"47.4,34.1,38.4,35.2,33.1,34.1,101.1,,53.0,,35.7, , 36.4,68.0,995.0,500.5,138.4",1235641,2019-12-01 02:18:16 UTC,,,
0EADW8BVA029RNSMRT1EPV14DJ,"47.6,34.3,38.5,35.2,33.1,34.3,101.3,,53.0,,35.7, , 36.4,68.1,995.0,499.9,138.2",1235641,2019-12-01 02:18:31 UTC,,,
0EADW8GE046ZYNYNBDSGAHCNX4,"47.7,34.4,38.6,35.3,33.1,34.3,101.5,,53.5,,35.7, , 36.4,68.1,995.0,500.5,137.9",1235641,2019-12-01 02:18:46 UTC,,,
0EADW8N0B7SV757V0V3AJQQXTQ,"47.8,34.4,38.6,35.5,33.1,34.3,101.5,,53.4,,35.6, , 36.5,68.2,995.0,500.7,138.0",1235641,2019-12-01 02:19:01 UTC,,,
0EADW8SJZQ4ETXQ8ASV2EJJGVD,"47.9,34.5,38.7,35.5,33.2,34.4,101.6,,53.7,,35.4, , 36.5,68.3,995.0,500.7,137.4",1235641,2019-12-01 02:19:16 UTC,,,
0EADW8Y5MH8RWTNZZCXC2B0AC5,"48.2,34.6,38.8,35.6,33.2,34.4,101.7,,53.8,,35.4, , 36.5,68.4,995.0,500.7,137.8",1235641,2019-12-01 02:19:31 UTC,,,
0EADW92QTRD021S6H5ZW0MDVRW,"48.2,34.7,38.8,35.7,33.2,34.5,101.9,,53.9,,35.4, , 36.6,68.5,995.0,499.9,137.1",1235641,2019-12-01 02:19:46 UTC,,,
0EADW97ABSRCX73V669H0NT266,"48.3,34.7,38.9,35.8,33.2,34.5,102.1,,54.3,,35.6, , 36.6,68.7,995.0,500.5,136.8",1235641,2019-12-01 02:20:01 UTC,,,
0EADW9BX80QJ116H2WC1C2X9BB,"48.5,34.8,39.1,35.8,33.2,34.6,102.1,,54.5,,35.8, , 36.7,68.8,995.0,500.5,137.0",1235641,2019-12-01 02:20:16 UTC,,,
0EADW9GF9E8EYZ7V3B2WKRB135,"48.5,34.8,39.2,35.9,33.2,34.6,102.4,,54.8,,35.8, , 36.7,68.8,995.0,500.7,136.7",1235641,2019-12-01 02:20:31 UTC,,,
0EADW9N1SQ25980AGXCC9ZH64G,"48.6,34.9,39.2,36.0,33.3,34.7,102.5,,55.0,,35.9, , 36.8,68.9,995.0,500.5,136.5",1235641,2019-12-01 02:20:46 UTC,,,
0EADW9SM84QF2B963G61ESF2E5,"48.7,35.0,39.3,36.0,33.3,34.7,102.6,,55.2,,35.9, , 36.8,69.0,995.0,500.7,136.1",1235641,2019-12-01 02:21:01 UTC,,,
0EADW9Y6WCZ3GC14TZVNJ1SNQ4,"49.0,35.0,39.3,36.1,33.3,34.8,102.8,,55.4,,35.9, , 36.8,69.1,995.0,500.7,135.7",1235641,2019-12-01 02:21:16 UTC,,,
0EADWA2SE88TPG1N5E2S2BN1TK,"49.1,35.2,39.4,36.1,33.3,34.9,102.8,,55.3,,35.9, , 36.9,69.3,995.0,500.7,135.8",1235641,2019-12-01 02:21:31 UTC,,,
0EADWA7BVEH65AH2Y0T0WWQ5NX,"49.2,35.3,39.5,36.2,33.3,35.0,103.0,,55.7,,35.9, , 36.9,69.3,995.0,501.3,135.6",1235641,2019-12-01 02:21:46 UTC,,,
0EADWABYH1VARJA51CRE7HN3FM,"49.3,35.4,39.6,36.4,33.3,35.2,103.1,,55.7,,35.9, , 37.0,69.4,994.9,501.3,135.2",1235641,2019-12-01 02:22:01 UTC,,,
0EADWAGGRF4DDMPJ7K1NBE8AV5,"49.4,35.4,39.6,36.4,33.3,35.3,103.3,,56.1,,35.9, , 37.0,69.4,995.0,501.3,135.2",1235641,2019-12-01 02:22:16 UTC,,,
0EADWAN3MD0J7G1M3C6RZEY7AY,"49.5,35.5,39.7,36.5,33.4,35.3,103.3,,56.3,,36.1, , 37.1,69.5,995.0,501.9,134.9",1235641,2019-12-01 02:22:31 UTC,,,
0EADWASNG3W4B7W1T6XNWGEJNY,"49.5,35.5,39.7,36.6,33.4,35.3,103.5,,56.1,,36.2, , 37.1,69.6,995.0,501.9,134.5",1235641,2019-12-01 02:22:46 UTC,,,
0EADWAY89P899C9R82Z6ZTGKWK,"49.7,35.6,39.8,36.6,33.4,35.4,103.7,,56.4,,36.1, , 37.2,69.7,995.0,501.9,133.8",1235641,2019-12-01 02:23:01 UTC,,,
0EADWB2VFVF0GNJMESRPBAQX0G,"50.1,35.6,40.0,36.7,33.4,35.5,103.7,,56.6,,36.2, , 37.2,69.8,995.0,501.3,134.2",1235641,2019-12-01 02:23:16 UTC,,,
0EADWB7D4DJRBB7SNPB2VDM0EK,"50.0,35.7,40.1,36.8,33.4,35.6,103.7,,56.9,,36.4, , 37.3,69.9,995.0,501.3,133.5",1235641,2019-12-01 02:23:31 UTC,,,
0EADWBBZQPM8MQY3C6C5X0WQB7,"50.1,35.8,40.1,36.8,33.4,35.6,103.9,,56.9,,36.4, , 37.3,69.9,995.0,501.3,133.8",1235641,2019-12-01 02:23:46 UTC,,,
0EADWBGJ8BBHMJXBC8KJJ2M6VA,"50.2,35.8,40.1,36.9,33.4,35.8,104.0,,57.3,,36.2, , 37.4,70.0,994.9,501.9,133.6",1235641,2019-12-01 02:24:01 UTC,,,
0EADWBN4WBHCYNR1819P5W9A31,"50.3,36.1,40.2,36.9,33.5,35.8,104.2,,57.3,,36.2, , 37.4,70.1,995.0,501.3,133.2",1235641,2019-12-01 02:24:16 UTC,,,
0EADWBSQ2YM5YP33N095XM4E31,"50.3,36.1,40.3,37.0,33.5,35.9,104.3,,57.3,,36.2, , 37.5,70.2,995.0,501.3,133.3",1235641,2019-12-01 02:24:31 UTC,,,
0EADWBYA1A05827C5THS7B4XVC,"50.5,36.1,40.3,37.1,33.5,36.1,104.3,,57.5,,36.2, , 37.5,70.4,995.0,501.9,133.2",1235641,2019-12-01 02:24:46 UTC,,,
0EADWC2W4GEFKB0Y8Y0JTYB0CD,"50.5,36.2,40.4,37.1,33.5,36.2,104.4,,57.9,,35.9, , 37.6,70.4,995.0,501.3,132.8",1235641,2019-12-01 02:25:01 UTC,,,
0EADWC7EGK8FF4YZ6QYRCNRZXJ,"50.6,36.3,40.4,37.3,33.5,36.2,104.5,,58.3,,35.9, , 37.7,70.5,995.0,500.7,132.0",1235641,2019-12-01 02:25:16 UTC,,,
0EADWCC1AY74YZ6T3QBAF06ZP9,"50.8,36.4,40.5,37.4,33.5,36.3,104.7,,58.3,,35.8, , 37.7,70.5,995.0,501.3,132.6",1235641,2019-12-01 02:25:31 UTC,,,
0EADWCGKGW68KX1DKW75G88ZRE,"51.0,36.4,40.6,37.5,33.7,36.4,104.8,,58.3,,35.9, , 37.7,70.6,995.0,500.5,131.5",1235641,2019-12-01 02:25:46 UTC,,,
0EADWCN6GRNRFNRTG3E4TK7ZQT,"51.1,36.5,40.7,37.4,33.5,36.5,104.8,,58.4,,35.8, , 37.8,70.7,995.0,500.7,131.0",1235641,2019-12-01 02:26:01 UTC,,,
0EADWCSRSZAY2RJB3FEHVMAZRW,"51.1,36.6,40.9,37.5,33.7,36.5,104.8,,58.8,,35.8, , 37.9,70.8,995.0,500.5,131.7",1235641,2019-12-01 02:26:16 UTC,,,
0EADWCYAYRKKJGW3A6640TMTGD,"51.2,36.6,40.9,37.6,33.7,36.5,104.9,,58.9,,35.9, , 37.9,70.7,995.0,500.7,130.8",1235641,2019-12-01 02:26:31 UTC,,,
0EADWD2XKA7RBDX1HQD818TW6M,"51.2,36.7,41.0,37.7,33.7,36.6,105.3,,59.0,,35.9, , 38.0,70.9,995.0,500.7,131.3",1235641,2019-12-01 02:26:46 UTC,,,
0EADWD7G3Y48TFQW5PBN6Q5RR1,"51.4,36.8,41.1,37.7,33.7,36.7,105.4,,59.2,,36.2, , 38.0,71.0,995.0,500.7,130.4",1235641,2019-12-01 02:27:01 UTC,,,
0EADWDC2NR6QX93W46TDA1DVT4,"51.5,37.0,41.1,37.8,33.7,36.7,105.5,,59.6,,36.4, , 38.1,71.0,995.0,500.5,130.4",1235641,2019-12-01 02:27:16 UTC,,,
0EADWDGMN91BJ9ADSHRS0QJZ55,"51.5,37.0,41.1,37.8,33.8,37.0,105.5,,59.6,,36.5, , 38.1,71.1,995.0,500.5,129.9",1235641,2019-12-01 02:27:31 UTC,,,
0EADWDN786QRKNZ2JQEJ6CVXDX,"51.8,37.1,41.3,37.9,33.8,37.0,105.4,,59.7,,36.6, , 38.2,71.1,995.0,499.9,131.3",1235641,2019-12-01 02:27:46 UTC,,,
0EADWDSSWWSSEXJQ0XBV6KD89D,"51.9,37.2,41.3,38.0,33.8,37.1,105.5,,59.8,,36.5, , 38.2,71.3,995.0,499.4,130.5",1235641,2019-12-01 02:28:01 UTC,,,
0EADWDYC6QVRN0VJ3GRCTYFK03,"51.9,37.2,41.4,38.2,33.8,37.2,105.5,,59.7,,36.4, , 38.3,71.3,995.0,499.4,130.3",1235641,2019-12-01 02:28:16 UTC,,,
0EADWE2Z35JZWV1NQ0977P019G,"52.0,37.3,41.4,38.2,33.8,37.3,105.7,,59.9,,36.3, , 38.4,71.4,995.0,499.4,130.2",1235641,2019-12-01 02:28:31 UTC,,,
0EADWE7HH26H0J6MEYDK6F1KP5,"52.1,37.3,41.5,38.3,33.8,37.4,105.8,,60.0,,36.3, , 38.4,71.5,995.1,499.4,130.0",1235641,2019-12-01 02:28:46 UTC,,,
0EADWEC3XRPE139E4PMH229HGZ,"52.2,37.4,41.5,38.3,33.8,37.5,106.0,,60.0,,36.5, , 38.5,71.6,995.1,499.4,129.3",1235641,2019-12-01 02:29:01 UTC,,,
0EADWEGP80JYJQK52ZAA0YVDYJ,"52.2,37.5,41.6,38.3,33.9,37.5,106.1,,60.2,,36.5, , 38.5,71.6,995.1,498.8,129.5",1235641,2019-12-01 02:29:16 UTC,,,
0EADWEN8WAG69P0YQANFWNKBPD,"52.4,37.5,41.8,38.4,33.9,37.6,106.2,,60.5,,36.5, , 38.6,71.6,995.1,499.4,130.4",1235641,2019-12-01 02:29:31 UTC,,,
0EADWESVFTDPY7M25S4038GRJP,"52.6,37.6,41.8,38.5,33.9,37.9,106.3,,60.7,,36.5, , 38.6,71.7,995.1,498.8,129.7",1235641,2019-12-01 02:29:46 UTC,,,
0EADWEYDPDPM855T13RYADRDBJ,"52.6,37.7,41.8,38.5,33.9,37.9,106.4,,60.8,,36.5, , 38.7,71.8,995.1,496.3,129.8",1235641,2019-12-01 02:30:01 UTC,,,
0EADWF308B4Y9G28X4WBGPPP7H,"52.8,37.7,41.9,38.6,33.9,38.0,106.5,,60.9,,36.6, , 38.8,71.8,995.1,496.3,129.5",1235641,2019-12-01 02:30:16 UTC,,,
0EADWF7JVADXWAR7P9PR24BTKP,"52.9,37.9,42.0,38.6,33.9,38.1,106.7,,61.3,,36.6, , 38.8,71.8,995.2,496.3,129.4",1235641,2019-12-01 02:30:31 UTC,,,
0EADWFC53GDJ71SVYAQ359R08C,"52.9,37.9,42.1,38.7,33.9,38.2,107.0,,61.5,,37.0, , 38.9,71.9,995.2,496.3,129.6",1235641,2019-12-01 02:30:46 UTC,,,
0EADWFGQJFS0VST1WAR5CJ3092,"52.9,38.0,42.1,38.7,33.9,38.2,107.0,,61.5,,36.8, , 38.9,72.0,995.1,498.8,128.6",1235641,2019-12-01 02:31:01 UTC,,,
0EADWFNACVMGXPRP3811MC1TM0,"53.0,38.1,42.2,38.8,34.0,38.4,107.1,,61.6,,36.8, , 39.0,72.0,995.1,498.8,128.4",1235641,2019-12-01 02:31:16 UTC,,,
0EADWFSWRMKTZVNR3SWYFF7R05,"53.1,38.2,42.3,38.9,34.0,38.4,107.0,,61.7,,37.0, , 39.0,72.1,995.1,495.8,128.2",1235641,2019-12-01 02:31:31 UTC,,,
0EADWFYF1H10FJX3NP5PJ48GFN,"53.1,38.2,42.3,38.9,34.0,38.5,106.9,,61.7,,37.1, , 39.1,72.1,995.1,496.3,128.7",1235641,2019-12-01 02:31:46 UTC,,,
0EADWG31R9BY78DEVPAGM78AMB,"53.1,38.3,42.3,39.1,34.0,38.6,107.0,,61.9,,36.8, , 39.1,72.2,995.1,496.3,128.2",1235641,2019-12-01 02:32:01 UTC,,,
0EADWG7M53RYA6E0CGZANZKEXW,"53.1,38.4,42.4,39.1,34.0,38.6,107.3,,61.8,,36.6, , 39.2,72.3,995.1,496.3,127.9",1235641,2019-12-01 02:32:16 UTC,,,
0EADWGC6J4F881YRYH64FPFXCY,"53.2,38.4,42.5,39.2,34.1,38.8,107.4,,62.2,,36.6, , 39.3,72.3,995.2,498.8,127.5",1235641,2019-12-01 02:32:31 UTC,,,
0EADWGGSJMGYVQGBYVKP0GJETZ,"53.3,38.5,42.7,39.3,34.1,38.8,107.5,,62.3,,36.6, , 39.3,72.4,995.2,498.8,128.6",1235641,2019-12-01 02:32:46 UTC,,,
0EADWGNBHC2ETEG87R552E1651,"53.5,38.5,42.8,39.3,34.1,38.9,107.6,,62.4,,36.7, , 39.4,72.4,995.1,499.4,128.1",1235641,2019-12-01 02:33:01 UTC,,,
0EADWGSY1MT9QZEK1PYH8EREXM,"53.6,38.6,42.8,39.3,34.1,39.0,107.9,,62.4,,37.1, , 39.4,72.5,995.1,499.9,128.3",1235641,2019-12-01 02:33:16 UTC,,,
0EADWGYGVW5G3R1DZ6BJCA5R50,"53.6,38.8,42.9,39.4,34.1,39.0,107.9,,62.6,,37.1, , 39.5,72.5,995.1,499.4,128.1",1235641,2019-12-01 02:33:31 UTC,,,
0EADWH32V8505H470R8CHJXWK7,"53.8,38.8,42.9,39.5,34.2,39.1,107.8,,62.7,,37.1, , 39.5,72.5,995.0,499.9,127.1",1235641,2019-12-01 02:33:46 UTC,,,
0EADWH7NAP75V7YC0R9R1XX243,"54.0,38.9,43.1,39.6,34.1,39.1,107.9,,62.8,,37.1, , 39.6,72.6,995.0,500.5,126.9",1235641,2019-12-01 02:34:01 UTC,,,
0EADWHC7T3WNH57BMXR8DJ1Q6S,"53.9,38.9,43.1,39.7,34.2,39.2,108.0,,62.8,,37.1, , 39.6,72.6,995.0,500.7,127.5",1235641,2019-12-01 02:34:16 UTC,,,
0EADWHGTKXR00BGBND61RPMX23,"53.9,39.0,43.1,39.7,34.2,39.3,108.2,,62.8,,37.0, , 39.7,72.6,995.0,501.3,127.0",1235641,2019-12-01 02:34:31 UTC,,,
0EADWHNDWC8WS6ZBE4SBMW0ZDX,"54.0,39.1,43.2,39.8,34.2,39.3,108.4,,63.1,,37.1, , 39.7,72.6,995.0,501.9,127.1",1235641,2019-12-01 02:34:46 UTC,,,
0EADWHSZRAVRAJ1V6X6HC8P3SK,"54.1,39.1,43.2,39.8,34.2,39.4,108.5,,63.2,,37.2, , 39.8,72.7,995.0,501.9,127.0",1235641,2019-12-01 02:35:01 UTC,,,
0EADWHYJA2KCA7YT3TJZ8JF1J0,"54.2,39.2,43.2,40.0,34.3,39.5,108.5,,63.4,,37.2, , 39.8,72.7,994.9,503.0,127.1",1235641,2019-12-01 02:35:16 UTC,,,
0EADWJ34D3AT0FRQZFR2RXQ6ZW,"54.4,39.3,43.3,40.0,34.3,39.7,108.7,,63.5,,37.3, , 39.9,72.8,994.9,502.4,126.6",1235641,2019-12-01 02:35:31 UTC,,,
0EADWJ7PZBP9NFM6WZ7018TD3D,"54.4,39.3,43.4,40.1,34.3,39.7,108.9,,63.6,,37.4, , 40.0,72.8,994.9,503.0,126.4",1235641,2019-12-01 02:35:46 UTC,,,
0EADWJC97AX0R1KNG5SFYQ2V2K,"54.4,39.4,43.4,40.2,34.3,39.8,108.9,,63.7,,37.2, , 40.0,72.8,994.9,503.5,126.4",1235641,2019-12-01 02:36:01 UTC,,,
0EADWJGVQS3C1EAS7KXEK1FAAH,"54.4,39.5,43.4,40.2,34.3,39.8,109.0,,63.8,,37.0, , 40.1,72.9,994.9,503.5,126.4",1235641,2019-12-01 02:36:16 UTC,,,
0EADWJNEFCNEVM3P69FNAKHS8V,"54.6,39.5,43.4,40.3,34.3,39.9,109.1,,63.7,,37.1, , 40.1,72.9,994.9,504.1,126.0",1235641,2019-12-01 02:36:31 UTC,,,
0EADWJT0S002NY0MQYXV5Q0Y9P,"54.7,39.7,43.4,40.3,34.4,40.0,109.1,,64.3,,37.1, , 40.2,72.9,994.9,504.1,125.7",1235641,2019-12-01 02:36:46 UTC,,,
0EADWJYKX7ZDAZGPS3920WF6Q7,"54.7,39.8,43.6,40.4,34.4,40.1,109.3,,64.3,,37.1, , 40.2,72.9,994.9,505.2,126.0",1235641,2019-12-01 02:37:01 UTC,,,
0EADWK35SKCG9ZY5NMCW9XED8F,"54.9,39.8,43.6,40.5,34.4,40.1,109.3,,64.4,,37.0, , 40.3,72.9,994.9,505.2,125.8",1235641,2019-12-01 02:37:16 UTC,,,
0EADWK7R4FD6WMVVKKRV748J5D,"55.0,39.9,43.6,40.5,34.4,40.2,109.4,,64.5,,36.8, , 40.3,73.0,994.8,506.3,126.4",1235641,2019-12-01 02:37:31 UTC,,,
0EADWKCAVM9GP87VAW57BAHQMS,"55.0,40.0,43.7,40.6,34.4,40.3,109.6,,64.4,,36.6, , 40.4,73.1,994.8,505.7,126.0",1235641,2019-12-01 02:37:46 UTC,,,
0EADWKGXAT9EF38SWN9V041BZS,"55.3,40.0,43.7,40.7,34.4,40.3,109.6,,64.5,,36.7, , 40.4,73.1,994.8,505.7,125.4",1235641,2019-12-01 02:38:01 UTC,,,
0EADWKNFSRDGHA5FJ8ET8CGTR2,"55.1,40.1,43.8,40.9,34.6,40.4,109.7,,64.5,,36.7, , 40.5,73.2,994.8,506.8,125.4",1235641,2019-12-01 02:38:16 UTC,,,
0EADWKT22KTAXM94TYA0ZY5A84,"55.3,40.1,43.8,41.0,34.6,40.6,109.7,,64.6,,36.6, , 40.6,73.2,994.8,506.8,125.6",1235641,2019-12-01 02:38:31 UTC,,,
0EADWKYMYJ867PNKEQNE0MJMYW,"55.5,40.2,43.8,41.0,34.6,40.6,109.8,,64.6,,36.6, , 40.6,73.2,994.8,507.4,125.1",1235641,2019-12-01 02:38:46 UTC,,,
0EADWM37BT87GVB86CVC84WF8C,"55.4,40.3,43.9,41.1,34.6,40.7,109.8,,65.0,,36.5, , 40.7,73.2,994.8,507.4,125.6",1235641,2019-12-01 02:39:01 UTC,,,
0EADWM7SK9D776NJVKJ3V74F02,"55.4,40.4,44.0,41.1,34.6,40.7,109.9,,65.0,,36.4, , 40.7,73.3,994.8,507.4,124.0",1235641,2019-12-01 02:39:16 UTC,,,
0EADWMCC0MKY07426GFKE6ZD49,"55.5,40.4,44.1,41.2,34.7,40.8,110.0,,65.2,,36.4, , 40.8,73.3,994.8,508.0,124.7",1235641,2019-12-01 02:39:31 UTC,,,
0EADWMGYMZMJGR8CMHGM628T90,"55.6,40.4,44.1,41.3,34.7,40.8,110.0,,65.1,,36.3, , 40.8,73.3,994.8,506.8,124.1",1235641,2019-12-01 02:39:46 UTC,,,
0EADWMNHD0QT5ST28QH0B6ECEB,"55.6,40.6,44.2,41.3,34.7,40.9,110.1,,65.3,,36.2, , 40.9,73.3,994.8,506.3,125.0",1235641,2019-12-01 02:40:01 UTC,,,
0EADWMT3PP01T6RG1YE74DA23G,"55.6,40.7,44.3,41.4,34.7,41.0,110.2,,65.6,,36.4, , 40.9,73.4,994.8,507.4,124.2",1235641,2019-12-01 02:40:16 UTC,,,
0EADWMYP43MN4QASJDEXPK98CF,"55.8,40.8,44.6,41.4,34.7,41.0,110.5,,65.6,,36.7, , 41.0,73.4,994.8,507.4,124.4",1235641,2019-12-01 02:40:31 UTC,,,
0EADWN38CAV2HWTQH41CG8EKYP,"56.0,40.8,44.6,41.5,34.7,41.1,110.6,,65.6,,36.8, , 41.0,73.4,994.8,508.0,124.2",1235641,2019-12-01 02:40:46 UTC,,,
0EADWN7V1H273N41SABBZK6XVK,"55.9,40.9,44.6,41.6,34.8,41.1,110.6,,66.1,,36.7, , 41.1,73.4,994.8,507.4,124.1",1235641,2019-12-01 02:41:01 UTC,,,
0EADWNCDDVQGSP6DX6P09ZCJQZ,"56.0,40.9,44.7,41.8,34.8,41.2,110.6,,66.2,,36.6, , 41.1,73.5,994.7,508.0,124.8",1235641,2019-12-01 02:41:16 UTC,,,
0EADWNGZX23V2626S25CGQ240C,"56.2,41.0,44.8,41.8,34.8,41.3,110.7,,66.0,,36.6, , 41.2,73.5,994.7,509.1,124.2",1235641,2019-12-01 02:41:31 UTC,,,
0EADWNNJSFGWFM5VB2NMHTQN3Q,"56.3,41.0,44.7,41.9,34.8,41.3,110.9,,66.3,,36.6, , 41.3,73.6,994.7,508.0,123.9",1235641,2019-12-01 02:41:46 UTC,,,
0EADWNT4Z6VBMJJTN4G3VB4Z0X,"56.4,41.1,44.8,42.0,34.8,41.5,110.9,,66.4,,36.6, , 41.3,73.6,994.7,508.5,123.8",1235641,2019-12-01 02:42:01 UTC,,,
0EADWNYQDWS9RDFTSMR7ZG95VH,"56.4,41.2,44.9,42.0,34.9,41.5,111.0,,66.7,,36.4, , 41.4,73.7,994.7,509.6,123.7",1235641,2019-12-01 02:42:16 UTC,,,
0EADWP39Y0KWQD801AMX8BA15S,"56.5,41.3,44.9,42.1,34.9,41.6,111.1,,67.0,,36.4, , 41.4,73.7,994.7,509.6,123.3",1235641,2019-12-01 02:42:31 UTC,,,
0EADWP7WFV9B5RDWG5ENV90VBF,"56.6,41.3,45.0,42.2,34.9,41.6,111.2,,66.9,,36.5, , 41.5,73.7,994.7,510.2,123.4",1235641,2019-12-01 02:42:46 UTC,,,
0EADWPCETPJE5HAZ5QNA04DH3Q,"56.6,41.5,45.1,42.2,34.9,41.6,111.2,,66.8,,36.7, , 41.5,73.7,994.7,509.6,123.4",1235641,2019-12-01 02:43:01 UTC,,,
0EADWPH2F6NYZJ2BYSV5905NKA,"56.6,41.5,45.1,42.4,34.9,41.7,111.2,,66.8,,36.5, , 41.6,73.6,994.7,509.6,123.2",1235641,2019-12-01 02:43:16 UTC,,,
0EADWPNKSJ96JG2NGFS5M6243R,"56.7,41.6,45.1,42.4,35.0,41.8,111.4,,66.9,,36.4, , 41.6,73.7,994.7,510.2,122.9",1235641,2019-12-01 02:43:31 UTC,,,
0EADWPT6KAX2KRD54WB7AGFGXB,"56.7,41.6,45.2,42.5,35.0,41.9,111.5,,67.2,,36.6, , 41.7,73.8,994.7,509.6,123.2",1235641,2019-12-01 02:43:46 UTC,,,
0EADWPYRS3X25335QCCZTEXG6M,"56.8,41.7,45.2,42.7,35.0,41.9,111.7,,67.1,,36.8, , 41.7,73.8,994.6,509.1,122.5",1235641,2019-12-01 02:44:01 UTC,,,
0EADWQ3BGF13RS0N2RRXSPDAPA,"56.9,41.8,45.4,42.7,35.0,42.0,111.8,,67.1,,36.8, , 41.8,73.8,994.6,510.2,123.0",1235641,2019-12-01 02:44:16 UTC,,,
0EADWQ7XTRE8TWAVGJB54XNKAQ,"56.8,41.8,45.2,42.8,35.0,42.1,111.9,,67.3,,36.5, , 41.9,73.8,994.7,509.6,122.0",1235641,2019-12-01 02:44:31 UTC,,,
0EADWQCG3P33BRSKYTFKYZK2FC,"57.2,41.9,45.4,42.8,35.0,42.1,111.9,,67.4,,36.4, , 41.9,73.8,994.7,510.2,121.6",1235641,2019-12-01 02:44:46 UTC,,,
0EADWQH2PE25V76P5ZNWMXYFSE,"57.2,42.0,45.4,42.9,35.1,42.2,112.0,,67.4,,36.3, , 42.0,73.8,994.7,509.6,122.1",1235641,2019-12-01 02:45:01 UTC,,,
0EADWQNN8QH0V36NSR508V0DHG,"57.2,42.0,45.4,43.0,35.1,42.2,111.8,,67.3,,36.6, , 42.0,73.9,994.7,509.6,121.4",1235641,2019-12-01 02:45:16 UTC,,,
0EADWQT7JTGJ8A92DE2PK0MR7Z,"57.3,42.1,45.5,43.1,35.1,42.2,111.9,,67.6,,36.7, , 42.1,74.0,994.7,510.7,122.0",1235641,2019-12-01 02:45:31 UTC,,,
0EADWQYTHB84ECB775YHNPKB28,"57.3,42.1,45.6,43.1,35.1,42.4,112.1,,67.7,,36.6, , 42.1,73.9,994.7,509.6,121.2",1235641,2019-12-01 02:45:46 UTC,,,
0EADWR3CHR9DZR3ZK04ZSPTF3R,"57.3,42.2,45.6,43.2,35.1,42.5,112.4,,67.7,,36.5, , 42.2,73.9,994.7,509.1,121.7",1235641,2019-12-01 02:46:01 UTC,,,
0EADWR7Z63CGC89SPKM9XMWHRY,"57.4,42.2,45.6,43.2,35.2,42.6,112.4,,67.9,,36.4, , 42.2,74.0,994.7,509.6,120.9",1235641,2019-12-01 02:46:16 UTC,,,
0EADWRCHKJ7E90RMHZCNXH5D0C,"57.4,42.4,45.6,43.3,35.2,42.6,112.4,,68.0,,36.2, , 42.3,74.0,994.7,509.6,121.2",1235641,2019-12-01 02:46:31 UTC,,,
0EADWRH4SSR6KND05ANZD4CYEG,"57.5,42.5,45.7,43.4,35.2,42.7,112.4,,67.8,,36.2, , 42.4,74.0,994.7,510.2,121.4",1235641,2019-12-01 02:46:46 UTC,,,
0EADWRNPHBNYPENCY0DXR3J8B0,"57.6,42.5,45.7,43.6,35.2,42.7,112.4,,68.0,,36.1, , 42.4,74.0,994.7,510.2,121.1",1235641,2019-12-01 02:47:01 UTC,,,
0EADWRT9C2AV0YVPHG7RTF3QMQ,"57.7,42.6,45.9,43.7,35.2,42.8,112.5,,68.1,,35.9, , 42.5,74.1,994.7,509.6,120.7",1235641,2019-12-01 02:47:16 UTC,,,
0EADWRYVH68VSYFQW4FN3ND5CF,"57.7,42.7,45.9,43.8,35.2,42.8,112.5,,68.2,,35.9, , 42.5,74.0,994.7,510.2,120.3",1235641,2019-12-01 02:47:31 UTC,,,
0EADWS3G9TTY4XAKC1YXY1FTJD,"57.6,42.7,46.0,43.8,35.3,42.9,112.6,,68.3,,36.1, , 42.6,74.1,994.7,509.6,120.5",1235641,2019-12-01 02:47:46 UTC,,,
0EADWS80ZCT9E41651SCPZSBY8,"57.7,42.8,46.0,43.9,35.3,42.9,112.7,,68.3,,36.2, , 42.6,74.1,994.7,509.1,120.5",1235641,2019-12-01 02:48:01 UTC,,,
0EADWSCK23BSA97RZKHRSB7TJG,"57.8,42.8,46.1,43.9,35.3,43.0,112.8,,68.5,,36.2, , 42.7,74.1,994.6,510.2,120.1",1235641,2019-12-01 02:48:16 UTC,,,
0EADWSH5D7KAT1AE4AR3AJ1MEK,"57.8,42.9,46.0,44.0,35.3,43.0,112.9,,68.7,,36.5, , 42.7,74.2,994.7,509.6,120.0",1235641,2019-12-01 02:48:31 UTC,,,
0EADWSNR44DB9RWAE73GP1SHF0,"57.8,43.0,46.1,44.0,35.3,43.1,112.8,,68.8,,36.5, , 42.8,74.1,994.7,510.2,119.7",1235641,2019-12-01 02:48:46 UTC,,,
0EADWSTAEXQBHNGH12FCXVNY09,"58.1,42.9,46.3,44.1,35.5,43.3,112.9,,68.7,,36.5, , 42.9,74.2,994.7,510.2,119.9",1235641,2019-12-01 02:49:01 UTC,,,
0EADWSYXCT1KATEGZ4BB93KKCD,"58.2,43.1,46.4,44.2,35.5,43.4,113.0,,68.8,,36.6, , 42.9,74.2,994.7,510.2,120.5",1235641,2019-12-01 02:49:16 UTC,,,
0EADWT3FVWCWM2SAFB5F1GZYWA,"58.3,43.1,46.4,44.3,35.5,43.4,113.2,,69.0,,36.6, , 43.0,74.3,994.7,509.6,119.2",1235641,2019-12-01 02:49:31 UTC,,,
0EADWT8224ZMXZZ8SQMJZ9M4R7,"58.4,43.3,46.4,44.3,35.5,43.5,113.3,,69.1,,36.5, , 43.0,74.2,994.6,509.6,119.1",1235641,2019-12-01 02:49:46 UTC,,,
0EADWTCMM6V5C1N9MVWSF4WPWC,"58.4,43.3,46.5,44.5,35.5,43.5,113.3,,69.2,,36.4, , 43.1,74.2,994.6,510.2,119.3",1235641,2019-12-01 02:50:01 UTC,,,
0EADWTH7470Q2HA1CTR329A17F,"58.5,43.4,46.5,44.6,35.6,43.6,113.5,,69.2,,36.4, , 43.1,74.3,994.7,510.2,118.5",1235641,2019-12-01 02:50:16 UTC,,,
0EADWTNSDW9M8YPH0YMTR2F8KN,"58.5,43.5,46.5,44.6,35.6,43.7,113.6,,69.5,,36.6, , 43.2,74.3,994.6,510.2,118.9",1235641,2019-12-01 02:50:31 UTC,,,
0EADWTTBSBSYWVWZK11HM6YXTD,"58.6,43.5,46.6,44.7,35.6,43.8,113.7,,69.6,,36.6, , 43.3,74.3,994.6,511.3,118.7",1235641,2019-12-01 02:50:46 UTC,,,
0EADWTYYD6Q6S5SZTYGA16WQB5,"58.6,43.6,46.6,44.8,35.6,43.8,113.7,,69.8,,36.4, , 43.3,74.3,994.6,511.8,118.5",1235641,2019-12-01 02:51:01 UTC,,,
0EADWV3H1E4VTJAWAZBY36RNVV,"58.6,43.6,46.7,44.8,35.6,43.9,113.8,,69.7,,36.2, , 43.4,74.4,994.6,511.3,118.6",1235641,2019-12-01 02:51:16 UTC,,,
0EADWV839G9MSVRC7XFYYNW4Y7,"58.9,43.7,46.8,44.9,35.6,43.9,113.8,,69.8,,36.2, , 43.4,74.2,994.6,510.7,118.2",1235641,2019-12-01 02:51:31 UTC,,,
0EADWVCP3HQNHG0MG9P5DSSW55,"58.9,43.7,46.8,44.9,35.7,43.9,113.8,,69.9,,36.2, , 43.5,74.4,994.6,511.3,118.1",1235641,2019-12-01 02:51:46 UTC,,,
0EADWVH8GE9QZF752M4YPYEN7B,"58.9,43.8,46.9,45.0,35.7,44.0,113.9,,69.9,,36.5, , 43.6,74.4,994.6,511.3,117.8",1235641,2019-12-01 02:52:01 UTC,,,
0EADWVNTPKXYE1YPRJV3TJDS6M,"59.0,43.9,46.9,45.0,35.7,44.0,114.1,,70.1,,36.3, , 43.6,74.3,994.6,511.3,117.7",1235641,2019-12-01 02:52:16 UTC,,,
0EADWVTD8NDG8RK05Y79DG6S05,"59.0,44.0,46.9,45.1,35.7,44.2,114.2,,70.3,,36.2, , 43.7,74.4,994.6,511.3,118.3",1235641,2019-12-01 02:52:31 UTC,,,
0EADWVYZT34NBGWY1MC8TKZRVC,"59.0,44.0,46.9,45.2,35.8,44.3,114.3,,70.4,,36.2, , 43.7,74.4,994.6,511.3,117.4",1235641,2019-12-01 02:52:46 UTC,,,
0EADWW3KK9P53DNXCM2GA90WDV,"59.1,44.2,47.0,45.4,35.8,44.3,114.3,,70.5,,36.2, , 43.8,74.4,994.6,511.3,117.5",1235641,2019-12-01 02:53:01 UTC,,,
0EADWW84T90HCTTPEQRXQ3ST7C,"59.2,44.2,47.2,45.4,35.8,44.4,114.4,,70.6,,36.1, , 43.9,74.3,994.6,511.8,117.2",1235641,2019-12-01 02:53:16 UTC,,,
0EADWWCQ8BQW7GYX82T22FZRMH,"59.2,44.3,47.3,45.5,35.8,44.5,114.6,,70.4,,35.9, , 43.9,74.3,994.6,510.7,116.8",1235641,2019-12-01 02:53:31 UTC,,,
0EADWWH9RQ75A5PMR04AX7FN8B,"59.3,44.3,47.4,45.5,35.8,44.6,114.7,,70.7,,36.1, , 44.0,74.5,994.6,511.3,116.8",1235641,2019-12-01 02:53:46 UTC,,,
0EADWWNW8MA344RKW4TJPSJ8RE,"59.4,44.4,47.4,45.6,35.8,44.6,114.8,,70.8,,36.2, , 44.1,74.4,994.6,511.8,116.6",1235641,2019-12-01 02:54:01 UTC,,,
0EADWWTEZPVVZ21GAJSCT69967,"59.4,44.4,47.4,45.7,35.9,44.7,115.0,,70.8,,36.1, , 44.1,74.4,994.6,511.8,117.0",1235641,2019-12-01 02:54:16 UTC,,,
0EADWWZ18GVCYEW1JHQSRVC654,"59.5,44.5,47.5,45.7,35.9,44.8,115.0,,70.9,,36.2, , 44.2,74.3,994.6,511.8,116.8",1235641,2019-12-01 02:54:31 UTC,,,
0EADWX3KXKT78E0HPY2BNF2R9C,"59.6,44.6,47.5,45.8,35.9,44.8,115.0,,70.9,,36.6, , 44.2,74.4,994.6,511.8,116.7",1235641,2019-12-01 02:54:46 UTC,,,
0EADWX865H0HPTNGFQ18C3WZD2,"59.6,44.7,47.6,45.9,35.9,44.9,115.1,,70.9,,37.0, , 44.3,74.4,994.6,510.7,116.6",1235641,2019-12-01 02:55:01 UTC,,,
0EADWXCRTNRTM342TB4AVYYRQR,"59.6,44.7,47.7,45.9,36.0,44.9,115.0,,71.0,,37.0, , 44.4,74.3,994.6,511.3,115.7",1235641,2019-12-01 02:55:16 UTC,,,
0EADWXHB6QFFRY2M8DRRRW65X0,"59.6,44.7,47.7,45.9,36.0,45.1,115.0,,71.2,,37.0, , 44.4,74.4,994.6,511.3,115.8",1235641,2019-12-01 02:55:31 UTC,,,
0EADWXNXX9VPNA3F0F9KJJT5ET,"59.6,44.8,47.7,46.0,36.0,45.1,115.1,,71.4,,37.1, , 44.5,74.5,994.6,510.7,115.5",1235641,2019-12-01 02:55:46 UTC,,,
0EADWXTG8WDK4MSGH6EGR9MBQB,"59.8,44.8,47.7,46.1,36.0,45.2,115.1,,71.2,,37.2, , 44.6,74.5,994.6,510.7,115.4",1235641,2019-12-01 02:56:01 UTC,,,
0EADWXZ2XBS9M5ZVKA55BAG09J,"59.8,44.9,47.8,46.1,36.0,45.3,115.1,,71.3,,37.3, , 44.7,74.6,994.6,511.3,114.9",1235641,2019-12-01 02:56:16 UTC,,,
0EADWY3N4VFK34A9CAWVJ45E07,"60.0,44.9,47.7,46.3,36.0,45.4,113.9,,71.4,,37.2, , 44.7,74.6,994.6,511.8,115.3",1235641,2019-12-01 02:56:31 UTC,,,
0EADWY87Q230QS2SVZ289ZZJTB,"59.9,45.1,47.7,46.4,36.1,45.4,110.8,,71.4,,36.8, , 44.8,74.6,994.6,511.3,115.2",1235641,2019-12-01 02:56:46 UTC,,,
0EADWYCT2T6KZQVWK4PTS281VB,"59.6,45.1,47.8,46.4,36.1,45.4,106.5,,71.4,,36.6, , 44.9,74.6,994.6,511.8,114.8",1235641,2019-12-01 02:57:01 UTC,,,
0EADWYHCV9CBK48CPE5RFDD1T7,"59.4,45.2,47.8,46.5,36.1,45.4,101.7,,71.4,,36.4, , 44.9,74.6,994.6,512.4,115.0",1235641,2019-12-01 02:57:16 UTC,,,
0EADWYNZ3D7H1D0HWRBFDK9YWC,"59.3,45.3,47.8,46.5,36.1,45.5,97.0,,71.2,,36.4, , 45.0,74.5,994.6,512.9,115.0",1235641,2019-12-01 02:57:31 UTC,,,
0EADWYTHGDR51KW2XGD9G8DVZ7,"58.9,45.3,47.9,46.6,36.2,45.6,92.8,,70.8,,36.4, , 45.1,74.5,994.6,513.5,115.0",1235641,2019-12-01 02:57:46 UTC,,,
0EADWYZ402882G9BQ6BKJNSC18,"57.4,45.4,47.8,46.6,36.2,46.0,84.6,,70.5,,36.3, , 45.1,74.0,994.6,512.9,115.6",1235641,2019-12-01 02:58:01 UTC,,,
0EADWZ3PHV0FCKFFWDYKG6Z5TS,"56.4,45.4,47.8,46.6,36.2,46.2,80.1,,70.1,,36.1, , 45.2,72.4,994.5,511.8,115.9",1235641,2019-12-01 02:58:16 UTC,,,
0EADWZ88SQ8F9KT99Q0MP4BWJY,"55.6,45.5,47.6,46.6,36.2,46.4,77.3,,69.7,,35.9, , 45.2,71.4,994.6,512.4,116.8",1235641,2019-12-01 02:58:31 UTC,,,
0EADWZCVEMD8TZ63Q6GEV9MP3T,"54.9,45.5,47.4,46.6,36.4,46.6,74.7,,69.4,,35.9, , 45.3,70.8,994.6,512.4,117.5",1235641,2019-12-01 02:58:46 UTC,,,
0EADWZHDY9N9VEKZ1FKGCH05W7,"54.5,45.6,47.2,46.7,36.4,46.6,72.3,,69.0,,35.8, , 45.3,70.4,994.5,512.9,117.3",1235641,2019-12-01 02:59:01 UTC,,,
0EADWZP0JCSJKHJ7R31R6D1BD5,"54.0,45.6,46.9,46.6,36.4,46.7,70.0,,68.7,,35.7, , 45.4,70.1,994.5,513.5,117.3",1235641,2019-12-01 02:59:16 UTC,,,
0EADWZTJX6HPKH1XM7DVEA62B3,"53.5,45.6,46.7,46.6,36.4,46.7,67.9,,68.2,,35.7, , 45.4,69.9,994.5,513.8,117.7",1235641,2019-12-01 02:59:31 UTC,,,
0EADWZZ5WJX86JZGD2DXWT8X1C,"53.0,45.7,46.6,46.6,36.5,46.9,66.2,,67.9,,35.6, , 45.5,69.7,994.5,514.3,117.2",1235641,2019-12-01 02:59:46 UTC,,,
0EADX03QWX58V8Y3XZP191YQ0T,"52.7,45.7,46.4,46.6,36.5,46.9,64.6,,67.6,,35.6, , 45.5,69.5,994.5,514.9,117.3",1235641,2019-12-01 03:00:01 UTC,,,
0EADX08ADY0KHPYG96H3R5AWAC,"52.2,45.8,46.1,46.5,36.5,46.9,63.0,,67.2,,35.6, , 45.5,69.4,994.5,514.9,117.7",1235641,2019-12-01 03:00:16 UTC,,,
0EADX0CWXRCS7429RF9VSRA0YH,"52.0,45.8,46.0,46.6,36.5,47.0,61.7,,66.9,,35.5, , 45.6,69.3,994.5,514.9,118.2",1235641,2019-12-01 03:00:31 UTC,,,
0EADX0HFBRJB1ZQHPZ12PD5H71,"51.7,45.8,45.9,46.5,36.6,47.0,60.5,,66.5,,35.5, , 45.6,69.2,994.5,514.9,117.8",1235641,2019-12-01 03:00:46 UTC,,,
0EADX0P1VKFP941Y3YKPAV6DGE,"51.3,46.0,45.7,46.5,36.5,47.0,59.5,,66.2,,35.4, , 45.6,69.0,994.5,514.9,118.0",1235641,2019-12-01 03:01:01 UTC,,,
0EADX0TME8Y61J7GDA5VRS8ZHN,"51.1,46.0,45.6,46.4,36.5,47.0,58.9,,66.0,,35.4, , 45.6,68.9,994.5,514.3,117.7",1235641,2019-12-01 03:01:16 UTC,,,
0EADX0Z6XF9F9BYEABYAT9PGMG,"52.0,46.0,45.5,46.4,36.5,46.9,66.5,,65.6,,35.5, , 45.7,69.1,994.5,514.3,116.5",1235641,2019-12-01 03:01:31 UTC,,,
0EADX13S9ADXRPYSYBGNNDAP56,"52.8,46.0,45.5,46.4,36.5,46.7,71.9,,65.5,,35.6, , 45.7,70.6,994.5,514.3,116.6",1235641,2019-12-01 03:01:46 UTC,,,
0EADX18C15TTVHTAGKKE3A105Y,"53.6,46.0,45.6,46.4,36.6,46.7,75.9,,65.4,,35.6, , 45.7,71.4,994.5,514.3,116.6",1235641,2019-12-01 03:02:01 UTC,,,
0EADX1CYDQH86W721S90HQ3JWG,"54.0,46.1,45.8,46.5,36.6,46.6,79.7,,65.4,,35.6, , 45.7,71.8,994.5,514.9,116.5",1235641,2019-12-01 03:02:16 UTC,,,
0EADX1HGRXSD878H2REG8ZV5MB,"54.5,46.0,45.9,46.4,36.7,46.5,83.3,,65.5,,35.6, , 45.7,72.0,994.5,514.3,116.0",1235641,2019-12-01 03:02:31 UTC,,,
0EADX1P37GZ5K36YSKTMJWR3D0,"54.9,46.1,46.1,46.4,36.7,46.5,86.7,,65.6,,35.6, , 45.7,72.1,994.5,514.9,115.7",1235641,2019-12-01 03:02:46 UTC,,,
0EADX1TP2JDBCTPQ9583P3AXJV,"55.3,46.1,46.4,46.4,36.7,46.5,89.9,,66.0,,35.5, , 45.7,72.2,994.5,515.4,115.6",1235641,2019-12-01 03:03:01 UTC,,,
0EADX1Z8848QS44ATZHX0JG0P2,"55.6,46.1,46.5,46.5,36.7,46.5,92.7,,66.1,,35.5, , 45.8,72.4,994.5,515.4,115.8",1235641,2019-12-01 03:03:16 UTC,,,
0EADX23TPZK73B4PP0QN5TMW1S,"55.8,46.1,46.6,46.5,36.7,46.5,95.3,,66.3,,35.5, , 45.8,72.6,994.5,515.4,115.1",1235641,2019-12-01 03:03:31 UTC,,,
0EADX28D1DBDFSHMSSC61Y9RB0,"56.3,46.1,46.8,46.5,36.7,46.5,97.5,,66.4,,35.5, , 45.8,72.6,994.5,514.9,115.4",1235641,2019-12-01 03:03:46 UTC,,,
0EADX2CZXM46C23Q5ZXHP2KGGW,"56.5,46.1,46.9,46.5,36.7,46.5,99.7,,66.7,,35.6, , 45.9,72.7,994.5,515.4,114.5",1235641,2019-12-01 03:04:01 UTC,,,
0EADX2HJ50S8H1336FXX16BCW9,"56.7,46.1,46.9,46.5,36.7,46.5,101.6,,66.9,,35.6, , 45.9,72.7,994.5,515.4,114.6",1235641,2019-12-01 03:04:16 UTC,,,
0EADX2P4MPFEBA741489RMVNYZ,"57.3,46.1,47.2,46.5,36.8,46.5,103.5,,67.0,,35.8, , 45.9,72.7,994.5,515.4,114.9",1235641,2019-12-01 03:04:31 UTC,,,
0EADX2TPZ6YRP717YNNMR6QCVA,"57.7,46.1,47.4,46.6,36.8,46.6,104.9,,67.4,,35.9, , 46.0,72.8,994.5,515.4,114.4",1235641,2019-12-01 03:04:46 UTC,,,
0EADX2Z9MZCA822ZGVXXYFKBY7,"57.8,46.2,47.5,46.6,36.9,46.6,105.8,,67.7,,36.1, , 46.0,72.8,994.5,516.0,113.9",1235641,2019-12-01 03:05:01 UTC,,,
0EADX33WTHAY0R8TAW5266C31P,"58.2,46.2,47.7,46.6,36.9,46.6,106.7,,67.6,,36.1, , 46.0,72.9,994.5,515.4,113.9",1235641,2019-12-01 03:05:16 UTC,,,
0EADX38EG74DV14SFTPN5W764Z,"58.4,46.2,47.7,46.7,36.9,46.7,107.5,,67.9,,35.9, , 46.1,73.0,994.5,515.4,114.1",1235641,2019-12-01 03:05:31 UTC,,,
0EADX3D172SB0QNKD6YFE3TP19,"58.5,46.2,47.8,46.7,36.9,46.7,108.1,,68.1,,35.8, , 46.1,73.0,994.4,516.0,114.1",1235641,2019-12-01 03:05:46 UTC,,,
0EADX3HKMPEQHD3R7QTK2EHEP0,"58.7,46.2,48.1,46.7,36.9,46.7,108.7,,68.3,,35.7, , 46.2,73.1,994.4,516.0,113.7",1235641,2019-12-01 03:06:01 UTC,,,
0EADX3P61JPSPME1YPYA2V1H8V,"59.0,46.3,47.9,46.8,37.0,46.7,109.1,,68.3,,35.6, , 46.2,73.1,994.4,516.5,113.8",1235641,2019-12-01 03:06:16 UTC,,,
0EADX3TS23R2MK54P5B8YA1QCN,"59.2,46.3,48.1,46.8,37.0,46.7,109.4,,68.7,,35.8, , 46.3,73.0,994.5,516.0,113.1",1235641,2019-12-01 03:06:31 UTC,,,
0EADX3ZB0D7SJBZVAFCWQYARG7,"59.4,46.3,48.1,46.9,37.0,46.9,110.0,,68.8,,35.9, , 46.3,72.8,994.5,516.0,113.8",1235641,2019-12-01 03:06:46 UTC,,,
0EADX43XRMR9123W02K24S4A8S,"59.4,46.3,48.3,46.9,37.1,46.9,110.3,,69.0,,36.2, , 46.4,73.0,994.5,516.0,114.2",1235641,2019-12-01 03:07:01 UTC,,,
0EADX48FTDJVC5YE0ZP0BX7Y5D,"59.6,46.3,48.3,47.0,37.1,46.9,110.6,,69.1,,36.5, , 46.4,73.1,994.5,516.0,113.9",1235641,2019-12-01 03:07:16 UTC,,,
0EADX4D2FJWM3X8RFV87KNTSE2,"59.8,46.3,48.4,47.0,37.1,47.0,110.8,,69.2,,36.4, , 46.5,73.0,994.5,516.5,113.2",1235641,2019-12-01 03:07:31 UTC,,,
0EADX4HMYGFKMYZ9BX0WVY7BG9,"60.0,46.4,48.5,47.2,37.1,47.0,111.1,,69.2,,36.2, , 46.5,73.1,994.4,516.5,113.4",1235641,2019-12-01 03:07:46 UTC,,,
0EADX4P7R1JZRAPV9HJFBM7ZTA,"60.2,46.4,48.5,47.2,37.1,47.0,111.6,,69.5,,35.9, , 46.6,73.1,994.5,515.4,112.6",1235641,2019-12-01 03:08:01 UTC,,,
0EADX4TTHD46GZ3NV8KAE488AY,"60.2,46.4,48.6,47.3,37.1,47.1,111.8,,69.6,,35.7, , 46.6,73.1,994.5,515.4,113.0",1235641,2019-12-01 03:08:16 UTC,,,
0EADX4ZDDKGC92J1R5W6H5WPX2,"60.3,46.5,48.6,47.3,37.3,47.2,112.0,,69.8,,35.9, , 46.7,73.1,994.5,514.9,112.7",1235641,2019-12-01 03:08:31 UTC,,,
0EADX53Z1HDVHA6T1ZN8QV2AGV,"60.4,46.5,48.7,47.3,37.3,47.2,112.1,,69.9,,36.1, , 46.7,73.2,994.5,515.4,112.7",1235641,2019-12-01 03:08:46 UTC,,,
0EADX58HGTQTD2WD26TGRQM7M7,"60.5,46.6,49.0,47.4,37.3,47.2,112.4,,70.3,,36.1, , 46.8,73.0,994.5,516.0,112.7",1235641,2019-12-01 03:09:01 UTC,,,
0EADX5D40HHXV52MP36Z64SDZX,"60.7,46.6,49.0,47.5,37.4,47.2,112.6,,70.4,,36.1, , 46.8,73.1,994.5,515.4,112.4",1235641,2019-12-01 03:09:16 UTC,,,
0EADX5HPCPFDV9E3SXQB8Y8X8G,"60.8,46.6,49.1,47.5,37.4,47.3,112.7,,70.6,,36.1, , 46.9,73.1,994.5,516.0,112.2",1235641,2019-12-01 03:09:31 UTC,,,
0EADX5P9A536RD24B11DREXXC8,"60.9,46.7,49.2,47.6,37.4,47.3,112.8,,70.6,,36.1, , 46.9,73.0,994.5,515.4,112.0",1235641,2019-12-01 03:09:46 UTC,,,
0EADX5TVHFZ6A9VHQJDWTZPB4Z,"61.1,46.7,49.2,47.6,37.4,47.3,112.7,,70.7,,36.1, , 46.9,73.0,994.5,516.0,112.4",1235641,2019-12-01 03:10:01 UTC,,,
0EADX5ZDWE1KR9PNTB3XA8Z43M,"61.1,46.7,49.3,47.6,37.5,47.4,110.7,,70.8,,35.9, , 47.0,73.2,994.5,516.0,111.8",1235641,2019-12-01 03:10:16 UTC,,,
0EADX6409AC49FWE3ZWDFHW6KW,"61.0,46.9,49.5,47.7,37.5,47.4,106.9,,70.9,,35.7, , 47.0,73.2,994.5,515.4,111.5",1235641,2019-12-01 03:10:31 UTC,,,
0EADX68K56XE383W1PJT2R75A9,"60.8,47.0,49.5,47.8,37.5,47.4,102.1,,70.8,,35.6, , 47.1,72.7,994.4,517.1,112.1",1235641,2019-12-01 03:10:46 UTC,,,
0EADX6D587K03GVF8K159CN6P2,"60.5,47.0,49.5,47.8,37.5,47.5,97.3,,70.9,,35.5, , 47.1,72.7,994.4,517.1,111.9",1235641,2019-12-01 03:11:01 UTC,,,
0EADX6HQWTC5SYXYZJX7XYX6GY,"60.3,47.1,49.5,47.9,37.6,47.6,92.8,,70.7,,35.4, , 47.1,72.3,994.4,517.1,112.2",1235641,2019-12-01 03:11:16 UTC,,,
0EADX6PAXGD294HESKX28V197C,"59.2,47.1,49.4,47.9,37.6,47.8,87.8,,70.4,,35.3, , 47.2,72.3,994.4,517.1,112.5",1235641,2019-12-01 03:11:31 UTC,,,
0EADX6TWPWAJRK55W55Q3GMJ8C,"57.8,47.1,49.4,48.1,37.6,48.0,81.5,,69.9,,35.2, , 47.2,71.7,994.4,517.1,112.5",1235641,2019-12-01 03:11:46 UTC,,,
0EADX6ZGCCQARTY4ZT3B10VYEF,"56.8,47.2,49.2,48.1,37.6,48.1,77.5,,69.6,,35.3, , 47.2,70.2,994.4,517.7,112.9",1235641,2019-12-01 03:12:01 UTC,,,
0EADX741ZMJMVFMCSSG2SFH43J,"56.2,47.2,49.0,48.1,37.6,48.3,75.4,,69.2,,35.2, , 47.3,69.4,994.4,518.2,113.0",1235641,2019-12-01 03:12:16 UTC,,,
0EADX78M3T49FC81GW15A7NAKR,"55.5,47.3,48.8,48.1,37.6,48.4,73.2,,68.9,,35.2, , 47.3,68.9,994.4,518.8,113.5",1235641,2019-12-01 03:12:31 UTC,,,
0EADX7D6T40B6D3EG1QDG7EGHS,"54.9,47.3,48.6,48.1,37.7,48.4,71.1,,68.7,,35.2, , 47.4,68.5,994.4,518.8,114.1",1235641,2019-12-01 03:12:46 UTC,,,
0EADX7HS3VG8J9T84YVDA5AZHK,"54.5,47.3,48.4,48.1,37.6,48.5,69.2,,68.3,,35.0, , 47.4,68.3,994.4,519.3,114.3",1235641,2019-12-01 03:13:01 UTC,,,
0EADX7PBMHFSXVVBHEBRZ6RCQ9,"54.0,47.4,48.2,48.1,37.6,48.7,67.4,,68.0,,35.0, , 47.4,68.1,994.4,518.8,113.9",1235641,2019-12-01 03:13:16 UTC,,,
0EADX7TY1APB718QR7EKCR7HMJ,"53.7,47.4,47.9,48.1,37.7,48.5,65.8,,67.8,,34.9, , 47.4,68.0,994.3,518.8,114.4",1235641,2019-12-01 03:13:31 UTC,,,
0EADX7ZGKKEP5MTVHJ60MV54Q3,"53.2,47.4,47.7,48.1,37.7,48.7,64.3,,67.4,,34.9, , 47.5,67.9,994.3,519.3,114.3",1235641,2019-12-01 03:13:46 UTC,,,
0EADX8433C5T8M3AXMRR7ED4X6,"52.9,47.4,47.5,48.1,37.7,48.8,63.0,,67.2,,34.9, , 47.5,67.8,994.3,519.9,114.3",1235641,2019-12-01 03:14:01 UTC,,,
0EADX88NV5KAM110AECQ4JVZ11,"52.6,47.5,47.4,47.9,37.7,48.8,61.9,,67.0,,34.9, , 47.5,67.7,994.3,519.9,114.3",1235641,2019-12-01 03:14:16 UTC,,,
0EADX8D81ZE5B7WW5PFK35EGNM,"52.3,47.5,47.2,47.9,37.7,48.8,60.8,,66.7,,34.9, , 47.5,67.6,994.3,519.9,114.4",1235641,2019-12-01 03:14:31 UTC,,,
0EADX8HTGMW95XRDPJPW9J65T5,"52.0,47.5,46.9,47.9,37.7,48.8,59.8,,66.4,,35.0, , 47.6,67.6,994.3,519.9,113.7",1235641,2019-12-01 03:14:46 UTC,,,
0EADX8PD34DJQFNQE8A0160MSF,"51.7,47.5,46.8,47.9,37.7,48.8,58.9,,66.1,,34.9, , 47.6,67.5,994.3,519.9,115.7",1235641,2019-12-01 03:15:01 UTC,,,
0EADX8TZNG0CCBG48F0M1XGT0K,"51.5,47.6,46.6,47.8,37.7,48.8,58.8,,66.0,,34.8, , 47.6,67.4,994.3,519.9,114.7",1235641,2019-12-01 03:15:16 UTC,,,
0EADX8ZHXF8NNGBHX7CVRA4A2Z,"52.6,47.5,46.6,47.8,37.7,48.5,66.5,,65.5,,34.7, , 47.6,67.7,994.3,520.4,114.0",1235641,2019-12-01 03:15:31 UTC,,,
0EADX944Y94DT136Z7SR3CX7P1,"53.3,47.6,46.7,47.8,37.8,48.3,71.5,,65.4,,34.8, , 47.6,69.1,994.3,520.4,112.7",1235641,2019-12-01 03:15:46 UTC,,,
0EADX98Q6BM0J5GQEN6JQ1EH1W,"54.0,47.6,46.9,47.8,37.8,48.3,75.5,,65.4,,34.9, , 47.6,69.9,994.3,520.4,112.7",1235641,2019-12-01 03:16:01 UTC,,,
0EADX9D9A0PK7Q1CDB4RP6JDXK,"54.6,47.6,47.2,47.8,37.8,48.3,79.2,,65.4,,34.8, , 47.6,70.3,994.3,520.4,113.0",1235641,2019-12-01 03:16:16 UTC,,,
0EADX9HYTD29Y42XJ25BRQY1FF,"55.0,47.6,47.3,47.8,37.9,48.2,82.7,,65.6,,34.8, , 47.6,70.5,994.3,521.0,112.1",1235641,2019-12-01 03:16:32 UTC,,,
0EADX9PEEEMSJ8AKHNYA6N06J8,"55.7,47.6,47.5,47.8,37.9,48.2,86.0,,65.8,,34.8, , 47.6,70.6,994.3,521.0,113.2",1235641,2019-12-01 03:16:46 UTC,,,
0EADX9V0XDHZZX09HR1VHDYFSM,"56.3,47.6,47.6,47.8,37.9,48.1,89.1,,66.0,,34.8, , 47.6,70.8,994.3,521.0,112.3",1235641,2019-12-01 03:17:01 UTC,,,
0EADX9ZKC5HJZZ03ZKA5SS94EX,"56.8,47.6,47.8,47.9,38.0,48.1,91.9,,66.2,,34.8, , 47.6,70.8,994.3,521.5,114.1",1235641,2019-12-01 03:17:16 UTC,,,
0EADXA45YACS1J28MKG8TYPRBC,"57.3,47.6,48.1,47.9,37.9,48.1,94.6,,66.3,,34.8, , 47.6,70.8,994.3,521.5,112.3",1235641,2019-12-01 03:17:31 UTC,,,
0EADXA8RGMHB8PQ9QE6J5X57AF,"57.8,47.6,48.3,47.9,38.0,48.1,96.8,,66.5,,34.7, , 47.6,70.9,994.2,522.6,112.4",1235641,2019-12-01 03:17:46 UTC,,,
0EADXADB5EJ59V664XR64CN33F,"58.2,47.8,48.4,48.1,38.0,48.1,98.9,,66.8,,34.7, , 47.7,70.9,994.2,523.2,111.5",1235641,2019-12-01 03:18:01 UTC,,,
0EADXAHX5JDEGA7QB78RWJTDRZ,"58.5,47.8,48.6,48.1,38.0,48.1,100.7,,67.0,,34.7, , 47.7,71.1,994.2,523.8,111.9",1235641,2019-12-01 03:18:16 UTC,,,
0EADXAPFRWFX1GZ48EC0FC7P04,"59.0,47.8,48.8,48.1,38.0,48.1,102.2,,67.2,,34.6, , 47.7,71.0,994.2,524.3,112.1",1235641,2019-12-01 03:18:31 UTC,,,
0EADXAV27FCJKFM42CYSTBFEQ0,"59.2,47.8,49.0,48.1,38.2,48.1,103.6,,67.3,,34.6, , 47.7,70.9,994.2,524.9,111.7",1235641,2019-12-01 03:18:46 UTC,,,
0EADXAZMR2WH698EFMFVHDDFW0,"59.3,47.8,49.2,48.2,38.0,48.1,104.8,,67.4,,34.5, , 47.8,71.1,994.1,524.9,113.2",1235641,2019-12-01 03:19:01 UTC,,,
0EADXB47BQERXD961D39RZGJFB,"59.5,47.9,49.2,48.2,38.2,48.2,106.1,,67.7,,34.5, , 47.8,71.3,994.1,526.0,113.4",1235641,2019-12-01 03:19:16 UTC,,,
0EADXB8SV92KVC2PZG983PFX31,"59.8,47.9,49.3,48.3,38.2,48.2,107.1,,68.0,,34.6, , 47.8,71.1,994.1,526.0,111.9",1235641,2019-12-01 03:19:31 UTC,,,
0EADXBDC5CVRXZR8D3YR0VZ9AV,"60.0,47.9,49.4,48.3,38.2,48.2,108.1,,68.5,,34.6, , 47.8,71.0,994.1,526.0,113.5",1235641,2019-12-01 03:19:46 UTC,,,
0EADXBHYR08130QD2YKFZ0V3RS,"60.0,47.9,49.4,48.3,38.2,48.2,108.8,,68.6,,34.6, , 47.9,71.1,994.1,525.4,111.3",1235641,2019-12-01 03:20:01 UTC,,,
0EADXBPH6P5HKAY5F8SM8H2FHD,"60.0,47.9,49.6,48.4,38.3,48.2,109.7,,68.5,,34.7, , 47.9,71.0,994.1,525.4,113.0",1235641,2019-12-01 03:20:16 UTC,,,
0EADXBV47HV3YF4JVY2T0MZJMV,"60.1,47.9,49.5,48.4,38.3,48.3,110.5,,68.7,,34.9, , 47.9,70.9,994.1,525.4,111.8",1235641,2019-12-01 03:20:31 UTC,,,
0EADXBZP3BS0WNCR042CDVGWD6,"60.2,48.0,49.6,48.4,38.2,48.3,111.4,,69.1,,35.2, , 47.9,71.0,994.1,526.0,113.0",1235641,2019-12-01 03:20:46 UTC,,,
0EADXC4AW5QZNP9RC5NKWNQMCH,"60.3,48.0,49.6,48.5,38.3,48.3,112.0,,69.4,,35.0, , 48.0,70.8,994.1,526.0,111.2",1235641,2019-12-01 03:21:01 UTC,,,
0EADXC8V2JGFWCMYR6S1SGTE1Z,"60.4,48.0,49.7,48.5,38.3,48.4,112.8,,69.6,,35.3, , 48.0,70.8,994.1,526.0,110.8",1235641,2019-12-01 03:21:16 UTC,,,
0EADXCDDQNGC2KVX0YMZ5A2KD8,"60.5,48.1,50.0,48.6,38.3,48.4,113.5,,69.8,,35.2, , 48.0,70.8,994.1,526.5,112.5",1235641,2019-12-01 03:21:31 UTC,,,
0EADXCJ03Y5PDHM8KFQ4Y4T6PE,"60.7,48.1,50.0,48.6,38.3,48.5,113.9,,69.9,,35.2, , 48.0,70.8,994.1,526.5,113.2",1235641,2019-12-01 03:21:46 UTC,,,
0EADXCPJPRM7DBYVHNSMZCTCKA,"60.8,48.1,50.0,48.7,38.3,48.5,114.5,,69.9,,35.2, , 48.1,70.8,994.1,526.5,112.1",1235641,2019-12-01 03:22:01 UTC,,,
0EADXCV5CTNR1CA9KGMMG0YQQE,"61.0,48.1,50.1,48.7,38.3,48.5,115.0,,70.4,,35.3, , 48.1,71.2,994.1,526.8,111.0",1235641,2019-12-01 03:22:16 UTC,,,
0EADXCZQG3XQPZ7VAR2FGNHA27,"61.1,48.2,50.1,48.7,38.4,48.7,115.4,,70.6,,35.2, , 48.1,71.0,994.1,526.8,111.2",1235641,2019-12-01 03:22:31 UTC,,,
0EADXD49X931B5TT72AV9F5G59,"61.1,48.2,50.2,48.8,38.4,48.8,115.9,,70.7,,35.0, , 48.2,70.7,994.1,527.4,111.1",1235641,2019-12-01 03:22:46 UTC,,,
0EADXD8WQ236BJE0MHP8XXATKG,"61.2,48.2,50.2,48.8,38.4,48.8,116.0,,71.0,,35.0, , 48.2,70.8,994.0,527.9,111.7",1235641,2019-12-01 03:23:01 UTC,,,
0EADXDDF6DBQ0P83GZRXC4C7DF,"61.2,48.3,50.3,48.8,38.4,48.8,114.4,,71.2,,35.0, , 48.2,70.8,994.0,528.5,112.4",1235641,2019-12-01 03:23:16 UTC,,,
0EADXDJ1DSKPJ5WNH35XW7124G,"61.3,48.3,50.5,49.0,38.5,48.8,110.8,,71.3,,34.9, , 48.2,70.7,994.0,527.9,111.5",1235641,2019-12-01 03:23:31 UTC,,,
0EADXDPKSVH7G8J1V0NFYPEGE4,"61.1,48.3,50.6,49.0,38.5,48.9,106.3,,71.4,,34.9, , 48.3,70.6,994.0,528.5,111.5",1235641,2019-12-01 03:23:46 UTC,,,
0EADXDV6DKBXPT4SZ8CX46327Y,"60.9,48.4,50.8,49.0,38.5,48.9,101.5,,71.0,,34.9, , 48.3,70.7,994.0,527.4,112.5",1235641,2019-12-01 03:24:01 UTC,,,
0EADXDZRWXP318H5JDH6SX7SE5,"60.8,48.4,50.6,49.1,38.6,49.0,96.8,,71.2,,34.9, , 48.3,70.7,994.0,527.4,111.8",1235641,2019-12-01 03:24:16 UTC,,,
0EADXE4CEWCYFBRG77SFJCFDYD,"59.8,48.5,50.5,49.1,38.5,49.1,91.2,,70.7,,34.9, , 48.4,70.8,994.0,527.9,110.3",1235641,2019-12-01 03:24:31 UTC,,,
0EADXE8Y13Q1NP1XZG16DXC4H1,"58.2,48.5,50.4,49.1,38.5,49.3,84.5,,70.4,,34.8, , 48.4,70.3,994.0,527.4,113.0",1235641,2019-12-01 03:24:46 UTC,,,
0EADXEDGJZYX1J3CQCAZR8FSM5,"57.1,48.5,50.3,49.2,38.6,49.4,80.1,,70.0,,34.8, , 48.5,69.0,994.0,528.5,112.1",1235641,2019-12-01 03:25:01 UTC,,,
0EADXEJ2TSGMSD5N4JH4TF5V57,"56.2,48.7,50.2,49.1,38.5,49.7,77.5,,69.7,,34.8, , 48.5,68.2,994.0,528.5,113.0",1235641,2019-12-01 03:25:16 UTC,,,
0EADXEPNMD2B2ZXFMEZPKER0WM,"55.5,48.7,50.0,49.2,38.5,49.8,75.4,,69.5,,34.8, , 48.6,67.8,994.0,528.5,113.3",1235641,2019-12-01 03:25:31 UTC,,,
0EADXEV7Z0CGHAYQK95PMYBCFK,"54.9,48.7,49.7,49.2,38.5,49.8,73.2,,69.1,,34.7, , 48.6,67.5,994.0,528.5,113.6",1235641,2019-12-01 03:25:46 UTC,,,
0EADXEZV239FYQSFJJ20A10KVR,"54.4,48.8,49.5,49.2,38.5,49.8,71.1,,68.9,,34.8, , 48.6,67.3,994.0,529.0,112.9",1235641,2019-12-01 03:26:01 UTC,,,
0EADXF4CXTFH8QAH1M5ZWXYSBQ,"54.0,48.8,49.3,49.2,38.5,49.9,69.2,,68.6,,34.7, , 48.7,67.2,994.0,529.0,113.1",1235641,2019-12-01 03:26:16 UTC,,,
0EADXF9018A1NVMPRYZXWAPV0R,"53.6,48.8,49.0,49.1,38.6,50.0,67.6,,68.3,,34.8, , 48.7,67.1,994.0,529.6,113.4",1235641,2019-12-01 03:26:31 UTC,,,
0EADXFDHT759JH0A0WVQCKR40A,"53.2,48.9,48.7,49.2,38.6,50.1,66.0,,68.0,,34.7, , 48.7,67.1,994.0,529.0,113.1",1235641,2019-12-01 03:26:46 UTC,,,
0EADXFJ4B80EK87M8NBD1KRCBN,"52.9,48.9,48.5,49.1,38.6,50.1,64.7,,67.8,,34.7, , 48.7,67.0,994.0,529.6,113.5",1235641,2019-12-01 03:27:01 UTC,,,
0EADXFPPSDFSPQRYDQX9CT32DB,"52.7,48.9,48.3,49.1,38.6,50.0,63.4,,67.4,,34.7, , 48.8,66.9,994.0,528.5,112.9",1235641,2019-12-01 03:27:16 UTC,,,
0EADXFV9BC5CYB3N6KJ2T2KVMQ,"52.3,49.0,48.2,49.1,38.6,50.0,62.3,,67.2,,34.7, , 48.8,66.9,994.0,528.5,113.9",1235641,2019-12-01 03:27:31 UTC,,,
0EADXFZVP48JVYBMF8YZ9DSZVA,"52.0,49.0,48.1,49.0,38.6,50.1,61.3,,67.0,,34.7, , 48.8,66.8,994.0,529.0,113.0",1235641,2019-12-01 03:27:46 UTC,,,
0EADXG4E5HEAB1QAMY4E3FB712,"51.8,49.0,47.8,49.1,38.6,50.1,60.4,,66.8,,34.6, , 48.8,66.6,994.0,528.5,113.3",1235641,2019-12-01 03:28:01 UTC,,,
0EADXG90R696TAYETQHZ42WTEH,"51.5,49.0,47.7,49.0,38.6,50.1,-197.-6,,66.5,,34.6, , 48.8,66.5,994.0,528.5,113.2",1235641,2019-12-01 03:28:16 UTC,,,
0EADXGDK9RM52MGB21EEEWFTKK,"51.3,49.0,47.5,49.0,38.6,50.1,261.2,,66.3,,34.6, , 48.8,66.5,994.0,527.9,113.7",1235641,2019-12-01 03:28:31 UTC,,,
0EADXGJ5HXMMTRDTG17X7V2FR5,"51.1,49.0,47.4,49.0,38.6,50.2,58.0,,66.1,,34.6, , 48.8,66.4,994.0,527.4,113.8",1235641,2019-12-01 03:28:46 UTC,,,
0EADXGPR612GD0S46KE0JPJ61Y,"51.4,49.0,47.2,49.0,38.6,50.1,61.2,,65.9,,34.5, , 48.9,66.3,994.0,526.8,113.3",1235641,2019-12-01 03:29:01 UTC,,,
0EADXGVB12HXHC6QRF5P6A09Z7,"52.6,49.0,47.4,48.8,38.7,50.0,68.9,,65.6,,34.5, , 48.8,67.0,994.0,526.5,112.5",1235641,2019-12-01 03:29:16 UTC,,,
0EADXGZX6W3499M7Y9KAWKMRRN,"53.5,49.0,47.6,49.0,38.7,49.9,76.5,,65.5,,34.4, , 48.8,68.3,994.0,526.0,112.0",1235641,2019-12-01 03:29:31 UTC,,,
0EADXH4GK789W9Z8SA4GSMRZG1,"54.1,49.0,47.8,48.8,38.8,49.8,77.9,,65.5,,34.4, , 48.8,69.0,994.1,526.5,112.4",1235641,2019-12-01 03:29:46 UTC,,,
0EADXH9260VKMMR2XS10GEE71P,"54.8,49.0,48.1,48.8,38.8,49.7,81.8,,65.8,,34.4, , 48.8,69.2,994.1,526.0,111.8",1235641,2019-12-01 03:30:01 UTC,,,
0EADXHDMNX5JBTEG851V0YRXNY,"55.4,49.0,48.3,48.8,38.8,49.6,85.6,,66.0,,34.4, , 48.8,69.6,994.1,525.4,111.6",1235641,2019-12-01 03:30:16 UTC,,,
0EADXHJ7PGS31A5T4RV91QJ6ST,"55.9,49.0,48.5,48.8,38.9,49.6,89.1,,66.2,,34.5, , 48.8,70.0,994.1,525.4,111.4",1235641,2019-12-01 03:30:31 UTC,,,
0EADXHPSH7XYTW0122GEADJ1TN,"56.4,49.0,48.7,49.0,38.9,49.6,92.3,,66.4,,34.4, , 48.8,70.1,994.1,525.4,111.0",1235641,2019-12-01 03:30:46 UTC,,,
0EADXHVC0PZNRW2S0E2T4NW7K5,"56.9,49.0,48.8,49.0,38.9,49.6,95.4,,66.5,,34.4, , 48.8,70.0,994.1,524.9,111.2",1235641,2019-12-01 03:31:01 UTC,,,
0EADXHZYHVGNQ6BGCAHJ5KVB2A,"57.4,49.0,49.1,49.0,38.9,49.6,98.0,,66.8,,34.4, , 48.8,69.9,994.1,524.9,111.0",1235641,2019-12-01 03:31:16 UTC,,,
0EADXJ4H95ZNEW9ADJZCR68SKN,"58.0,49.1,49.3,49.0,39.1,49.6,100.2,,67.1,,34.4, , 48.9,70.0,994.1,524.3,111.0",1235641,2019-12-01 03:31:31 UTC,,,
0EADXJ93S2N1CWJP3QXZNYKQ42,"58.4,49.1,49.4,49.1,38.9,49.4,102.4,,67.2,,34.4, , 48.9,70.2,994.1,524.3,111.2",1235641,2019-12-01 03:31:46 UTC,,,
0EADXJDPMBRZPF0F2DP7YFRVAG,"58.9,49.0,49.6,49.1,39.1,49.6,104.3,,67.8,,34.4, , 48.9,70.2,994.1,523.2,111.0",1235641,2019-12-01 03:32:01 UTC,,,
0EADXJJ8DTXJEMWGASY3XJ7PYN,"59.3,49.1,49.9,49.1,39.1,49.6,106.0,,68.0,,34.4, , 48.9,70.1,994.2,523.2,110.6",1235641,2019-12-01 03:32:16 UTC,,,
0EADXJPV4MQMQHXDBEWK2HQ31J,"59.3,49.1,50.0,49.1,39.1,49.7,107.4,,68.1,,34.4, , 48.9,70.1,994.2,523.2,110.9",1235641,2019-12-01 03:32:31 UTC,,,
0EADXJVDA9FHZ8MSBFK58NEDKH,"59.6,49.1,50.1,49.2,39.1,49.6,108.8,,68.6,,34.4, , 48.9,70.1,994.2,522.1,110.7",1235641,2019-12-01 03:32:46 UTC,,,
0EADXJZZX2EGSJRZGX09XQFBFN,"59.9,49.1,50.2,49.2,39.1,49.6,109.9,,68.7,,34.4, , 48.9,70.1,994.3,521.5,111.1",1235641,2019-12-01 03:33:01 UTC,,,
0EADXK4JHB2F6VJKBAF6AQFD5S,"60.1,49.1,50.3,49.3,39.1,49.7,111.0,,68.9,,34.4, , 49.0,70.2,994.3,521.0,110.5",1235641,2019-12-01 03:33:16 UTC,,,
0EADXK94P5V9ZR9ZDX3SMKT05V,"60.1,49.2,50.4,49.3,39.1,49.7,111.8,,69.2,,34.4, , 49.0,70.2,994.3,521.5,110.9",1235641,2019-12-01 03:33:31 UTC,,,
0EADXKDQ7V991VYGMTC56QMC66,"60.3,49.2,50.6,49.3,39.2,49.7,112.7,,69.6,,34.4, , 49.0,70.2,994.3,520.4,110.3",1235641,2019-12-01 03:33:46 UTC,,,
0EADXKJ9TGHTSQQMBPQPG5NT5W,"60.5,49.2,50.5,49.4,39.2,49.7,113.4,,69.6,,34.5, , 49.0,69.9,994.3,521.0,110.8",1235641,2019-12-01 03:34:01 UTC,,,
0EADXKPW9G11S2WQYRHF5J09AS,"60.7,49.2,50.8,49.5,39.2,49.7,114.1,,69.8,,34.4, , 49.0,70.0,994.3,520.4,110.5",1235641,2019-12-01 03:34:16 UTC,,,
0EADXKVESKN84W85YJMX0QVS4V,"61.0,49.3,50.9,49.5,39.2,49.8,114.6,,70.4,,34.6, , 49.0,70.0,994.3,520.4,110.7",1235641,2019-12-01 03:34:31 UTC,,,
0EADXM016JAJEXW24T7W17FP0G,"61.1,49.3,50.9,49.5,39.2,49.8,115.2,,70.4,,34.7, , 49.0,69.8,994.3,519.9,110.5",1235641,2019-12-01 03:34:46 UTC,,,
0EADXM4MSDSWSF3GNQWVTTB5PE,"61.1,49.3,51.0,49.6,39.3,49.8,115.6,,70.6,,34.8, , 49.1,69.9,994.3,519.3,110.5",1235641,2019-12-01 03:35:01 UTC,,,
0EADXM964X8JZGDBMGVR7K31FM,"61.4,49.3,51.1,49.6,39.3,49.9,116.2,,70.6,,34.8, , 49.1,69.9,994.3,519.3,111.0",1235641,2019-12-01 03:35:16 UTC,,,
0EADXMDRWPE1N36Q15DZMZA0HG,"61.6,49.4,51.2,49.7,39.2,49.9,116.5,,71.0,,34.7, , 49.1,70.0,994.3,519.3,110.6",1235641,2019-12-01 03:35:31 UTC,,,
0EADXMJB44PCE7CFARS08TQP8V,"61.4,49.4,51.2,49.7,39.3,49.9,116.9,,71.3,,34.6, , 49.1,69.9,994.4,519.3,110.0",1235641,2019-12-01 03:35:46 UTC,,,
0EADXMPXS09N494T5PX94G3S74,"61.7,49.4,51.2,49.7,39.3,50.0,117.0,,71.4,,34.6, , 49.2,70.0,994.4,518.8,109.4",1235641,2019-12-01 03:36:01 UTC,,,
0EADXMVG4KDCP68WPFQSS4BGFG,"61.8,49.6,51.4,49.9,39.3,50.0,115.3,,71.6,,34.6, , 49.2,69.9,994.4,517.1,110.4",1235641,2019-12-01 03:36:16 UTC,,,
0EADXN02TH87SZKYQA0PM27654,"61.7,49.6,51.5,49.9,39.4,50.0,111.7,,71.6,,34.5, , 49.2,70.1,994.4,517.7,110.1",1235641,2019-12-01 03:36:31 UTC,,,
0EADXN4N5A1BN6659T75EAZSES,"61.6,49.6,51.5,49.9,39.4,50.0,107.2,,71.6,,34.5, , 49.2,70.0,994.4,517.7,111.0",1235641,2019-12-01 03:36:46 UTC,,,
0EADXN97KT3DXFPC5299T1DJJ2,"61.4,49.7,51.7,50.0,39.5,50.1,102.5,,71.6,,34.5, , 49.3,69.9,994.4,517.7,110.3",1235641,2019-12-01 03:37:01 UTC,,,
0EADXNDT6965V1Q6JWCZ1PC3EF,"61.2,49.7,51.7,50.0,39.5,50.1,97.7,,71.6,,34.5, , 49.3,70.0,994.4,517.7,110.3",1235641,2019-12-01 03:37:16 UTC,,,
0EADXNJCKPTT3XVZ011KTDSX9T,"60.2,49.7,51.5,50.1,39.5,50.2,92.3,,71.3,,34.5, , 49.3,70.2,994.4,517.7,109.9",1235641,2019-12-01 03:37:31 UTC,,,
0EADXNPYYBQ7AM6CJJKX74PNZ3,"58.4,49.8,51.3,50.1,39.5,50.6,85.6,,71.0,,34.5, , 49.4,69.7,994.4,517.7,110.5",1235641,2019-12-01 03:37:46 UTC,,,
0EADXNVHJCYMJNNBXTVW0W2SJE,"57.3,49.8,51.1,50.1,39.4,50.6,81.1,,70.6,,34.6, , 49.4,68.4,994.4,518.8,110.5",1235641,2019-12-01 03:38:01 UTC,,,
0EADXP03ZQSXJCDHQV298AD1P7,"56.5,49.9,51.1,50.1,39.4,50.7,78.2,,70.3,,34.5, , 49.5,67.7,994.4,518.8,111.2",1235641,2019-12-01 03:38:16 UTC,,,
0EADXP4PHAQV0KNNQYJ0AZ7ZQK,"55.7,49.9,50.8,50.1,39.4,50.8,76.4,,70.0,,34.5, , 49.5,67.3,994.3,519.3,111.2",1235641,2019-12-01 03:38:31 UTC,,,
0EADXP98WA9NQMQHA1VWYDY81N,"55.3,49.9,50.5,50.1,39.4,50.9,74.1,,69.7,,34.5, , 49.6,67.0,994.3,519.9,110.7",1235641,2019-12-01 03:38:46 UTC,,,
0EADXPDVB9QS07C2D9P2G57TEZ,"54.7,50.0,50.3,50.1,39.4,50.9,72.1,,69.5,,34.5, , 49.6,66.8,994.3,521.5,112.1",1235641,2019-12-01 03:39:01 UTC,,,
0EADXPJDXCAK04EN1PR79Q4PJZ,"54.2,50.0,50.1,50.2,39.4,51.0,70.2,,69.1,,34.5, , 49.6,66.8,994.3,522.1,111.7",1235641,2019-12-01 03:39:16 UTC,,,
0EADXPQ0FHB39GC3BNDDC7HGYK,"53.8,50.0,49.9,50.1,39.4,51.0,68.5,,68.8,,34.5, , 49.6,66.7,994.2,521.5,111.5",1235641,2019-12-01 03:39:31 UTC,,,
0EADXPVJW8SMFA643QPVF3W37Q,"53.5,50.1,49.6,50.1,39.4,51.0,67.0,,68.6,,34.5, , 49.6,66.7,994.2,522.1,111.1",1235641,2019-12-01 03:39:46 UTC,,,
0EADXQ05EFSNA55800F53WF4EX,"53.1,50.1,49.4,50.0,39.4,51.0,65.6,,68.3,,34.5, , 49.7,66.7,994.2,522.6,111.2",1235641,2019-12-01 03:40:01 UTC,,,
0EADXQ4QRW4VZBM2VE6A0NW0ZC,"52.8,50.1,49.2,50.0,39.3,51.0,64.3,,68.1,,34.6, , 49.7,66.6,994.2,523.2,111.0",1235641,2019-12-01 03:40:16 UTC,,,
0EADXQ9AF8EBY8S9W4NJWP2S9C,"52.6,50.1,49.0,50.0,39.3,51.1,63.2,,67.9,,34.5, , 49.7,66.5,994.2,523.2,111.0",1235641,2019-12-01 03:40:31 UTC,,,
0EADXQDWZW75ZE4SDRDN00RPTS,"52.3,50.2,48.7,50.0,39.4,51.1,62.2,,67.7,,34.5, , 49.7,66.4,994.2,523.8,110.7",1235641,2019-12-01 03:40:46 UTC,,,
0EADXQJFCJBA8ZSVANSN42SREK,"52.0,50.2,48.7,49.9,39.4,51.1,61.3,,67.4,,34.5, , 49.7,66.3,994.2,523.8,111.5",1235641,2019-12-01 03:41:01 UTC,,,
0EADXQQ1QDNN151347NXP340D5,"51.8,50.2,48.5,50.0,39.4,51.1,60.4,,67.2,,34.5, , 49.7,66.2,994.2,524.3,111.0",1235641,2019-12-01 03:41:16 UTC,,,
0EADXQVM96DARWHY3633Z48C7R,"51.7,50.2,48.4,49.9,39.4,51.1,59.6,,66.9,,34.5, , 49.7,66.2,994.1,524.9,110.7",1235641,2019-12-01 03:41:31 UTC,,,
0EADXR06SN7GFHBHSGSQVHS495,"51.4,50.2,48.3,49.9,39.4,51.1,58.9,,66.8,,34.5, , 49.8,66.1,994.1,524.3,110.9",1235641,2019-12-01 03:41:46 UTC,,,
0EADXR4SHXXPJ0SHQKS18ZY5E6,"51.2,50.2,48.2,49.9,39.4,51.1,58.1,,66.5,,34.5, , 49.8,66.0,994.1,525.4,111.2",1235641,2019-12-01 03:42:01 UTC,,,
0EADXR9BZA4C68VDPG3YBRXD02,"51.1,50.2,48.1,49.9,39.4,51.2,58.6,,66.3,,34.5, , 49.8,66.0,994.1,526.0,112.0",1235641,2019-12-01 03:42:16 UTC,,,
0EADXRDY75PENEKCW2KKQ0QXC6,"52.3,50.2,48.1,49.7,39.4,51.1,67.4,,66.0,,34.4, , 49.8,66.0,994.1,526.0,110.4",1235641,2019-12-01 03:42:31 UTC,,,
0EADXRJGN77AKDRWS2BG3B017Q,"53.3,50.2,48.4,49.7,39.5,50.9,73.1,,66.0,,34.5, , 49.8,67.3,994.1,526.5,111.0",1235641,2019-12-01 03:42:46 UTC,,,
0EADXRQ3E5RCJG0NW0RYXDN6V5,"54.1,50.2,48.6,49.9,39.6,50.8,77.5,,66.0,,34.5, , 49.7,68.3,994.1,526.0,109.9",1235641,2019-12-01 03:43:01 UTC,,,
0EADXRVNT4CFNTSM00M1CG5321,"54.8,50.2,48.8,49.7,39.7,50.7,81.5,,66.1,,34.5, , 49.7,68.7,994.1,526.0,109.7",1235641,2019-12-01 03:43:16 UTC,,,
0EADXS08BEP71K5X12435545AT,"55.4,50.2,49.1,49.9,39.7,50.7,85.3,,66.3,,34.5, , 49.7,68.9,994.1,526.5,110.4",1235641,2019-12-01 03:43:31 UTC,,,
0EADXS4TM2GV526NMFNJE7XDYB,"55.9,50.2,49.3,49.9,39.7,50.7,88.9,,66.5,,34.5, , 49.7,69.1,994.1,526.0,109.7",1235641,2019-12-01 03:43:46 UTC,,,
0EADXS9D38K6BNZ8428JRK463E,"56.6,50.2,49.5,49.9,39.7,50.7,92.1,,66.9,,34.5, , 49.7,69.0,994.1,526.0,109.8",1235641,2019-12-01 03:44:01 UTC,,,
0EADXSDZMK4TT916F2YHJ1GEBW,"57.1,50.2,49.6,49.9,39.8,50.6,95.2,,66.9,,34.5, , 49.7,69.3,994.1,526.0,109.4",1235641,2019-12-01 03:44:16 UTC,,,
0EADXSJJ1SASGBFPE9SZQR9WJV,"57.6,50.2,49.9,49.9,39.7,50.6,97.9,,67.1,,34.5, , 49.7,69.5,994.1,526.5,108.9",1235641,2019-12-01 03:44:31 UTC,,,
0EADXSQ4MMM14VZBHZ6TYA4HBA,"58.0,50.2,50.2,50.0,39.8,50.6,100.2,,67.4,,34.6, , 49.7,69.6,994.1,526.5,109.1",1235641,2019-12-01 03:44:46 UTC,,,
0EADXSVQ1TFKC4RFB23Z0HVM48,"58.4,50.2,50.3,50.0,39.8,50.6,102.5,,67.9,,34.6, , 49.7,69.6,994.1,526.5,109.1",1235641,2019-12-01 03:45:01 UTC,,,
0EADXT09N8MRA7QPFNE1BZ3NRV,"58.9,50.2,50.6,50.0,39.8,50.6,104.4,,68.1,,34.6, , 49.8,69.4,994.0,526.5,109.3",1235641,2019-12-01 03:45:16 UTC,,,
0EADXT4W7EEFB3TR8Y481HSEZ1,"59.3,50.2,50.8,50.0,39.8,50.6,106.2,,68.3,,34.6, , 49.8,69.4,994.0,526.8,109.4",1235641,2019-12-01 03:45:31 UTC,,,
0EADXT9EJ5NSTNSFK14D7DYKRW,"59.5,50.2,50.9,50.0,40.0,50.6,107.6,,68.7,,34.5, , 49.8,69.4,994.0,527.4,109.1",1235641,2019-12-01 03:45:46 UTC,,,
0EADXTE11YWQRCRD0C6JBGGKX8,"59.9,50.3,51.0,50.1,40.0,50.6,109.2,,68.8,,34.5, , 49.8,69.4,994.0,527.9,109.4",1235641,2019-12-01 03:46:01 UTC,,,
0EADXTJKNKAGDKE8SGGDW7HK4V,"60.3,50.2,51.2,50.1,40.0,50.6,110.5,,68.9,,34.5, , 49.8,69.6,994.0,527.9,109.2",1235641,2019-12-01 03:46:16 UTC,,,
0EADXTQM5A6YW6NP13DBFNA3N6,"60.5,50.3,51.4,50.2,40.0,50.7,111.5,,69.1,,34.5, , 49.8,69.5,994.0,527.9,109.1",1235641,2019-12-01 03:46:33 UTC,,,
0EADXTVRFX8T0063TN2A244H7H,"61.0,50.3,51.5,50.2,40.0,50.7,112.4,,69.5,,34.5, , 49.8,69.7,994.0,528.5,108.4",1235641,2019-12-01 03:46:46 UTC,,,
0EADXV0B2S6C85MY6VDDS04SNW,"61.0,50.3,51.7,50.3,40.0,50.8,113.3,,69.7,,34.6, , 49.8,69.5,994.0,527.9,109.1",1235641,2019-12-01 03:47:01 UTC,,,
0EADXV4XH2ZMB7FR3MSCW0QAS8,"61.3,50.3,51.8,50.3,40.1,50.7,114.1,,69.9,,34.7, , 49.8,69.5,994.0,528.5,108.5",1235641,2019-12-01 03:47:16 UTC,,,
0EADXV9GRKBEFVPVRYSX2PA081,"61.4,50.5,51.9,50.3,40.0,50.7,114.7,,70.3,,34.7, , 49.9,69.6,994.0,527.9,109.5",1235641,2019-12-01 03:47:31 UTC,,,
0EADXVE2CF0XAM8SSVARHQYBT2,"61.7,50.5,52.0,50.4,40.0,50.8,115.3,,70.6,,34.6, , 49.9,69.6,994.0,528.5,108.1",1235641,2019-12-01 03:47:46 UTC,,,
0EADXVJNTJQMKWCPA7GV8HE5TM,"61.6,50.5,52.1,50.4,40.0,50.8,115.9,,70.8,,34.6, , 49.9,69.4,994.0,527.9,109.4",1235641,2019-12-01 03:48:01 UTC,,,
0EADXVQ7HXGR47HN792DZGZZBY,"61.8,50.5,52.2,50.5,40.1,50.9,116.4,,70.9,,34.6, , 49.9,69.5,994.0,528.5,108.1",1235641,2019-12-01 03:48:16 UTC,,,
0EADXVVSWFQDHW398MYMPJFEDD,"62.0,50.6,52.2,50.5,40.0,50.9,117.0,,71.0,,34.6, , 49.9,69.6,994.0,527.9,108.6",1235641,2019-12-01 03:48:31 UTC,,,
0EADXW0CB27K9AGBA8QRKFFDZ6,"62.3,50.6,52.3,50.5,40.1,50.9,117.3,,71.2,,34.6, , 50.0,69.7,994.0,527.9,108.3",1235641,2019-12-01 03:48:46 UTC,,,
0EADXW4YW1ATN2VMBYFRTPMPV2,"62.7,50.6,52.4,50.6,40.1,51.0,116.5,,71.6,,34.6, , 50.0,69.7,994.0,527.9,108.5",1235641,2019-12-01 03:49:01 UTC,,,
0EADXW9HBCBXZEE2NTJWDRCVW3,"62.6,50.6,52.6,50.6,40.1,51.0,113.6,,71.7,,34.6, , 50.0,69.5,994.0,527.9,108.4",1235641,2019-12-01 03:49:16 UTC,,,
0EADXWE3X8GH8RQXXPQ7R2D6QZ,"62.3,50.7,52.6,50.8,40.2,51.0,109.3,,71.7,,34.7, , 50.0,69.5,994.0,527.9,108.3",1235641,2019-12-01 03:49:31 UTC,,,
0EADXWJPAM6FQDE68MP9611S7Z,"62.2,50.7,52.7,50.8,40.2,51.0,104.7,,71.7,,34.7, , 50.1,69.5,994.0,528.5,107.7",1235641,2019-12-01 03:49:46 UTC,,,
0EADXWQ8WSEVY8M7WHZFQ3WMNX,"61.9,50.8,52.7,50.8,40.3,51.0,100.0,,71.6,,34.7, , 50.1,69.4,994.0,527.9,108.2",1235641,2019-12-01 03:50:01 UTC,,,
0EADXWVVE3GPD8FGMM9D58ZA3F,"61.4,50.8,52.6,50.9,40.3,51.1,95.8,,71.6,,34.7, , 50.1,69.5,994.0,527.4,107.7",1235641,2019-12-01 03:50:16 UTC,,,
0EADXX0DPBAY807QN6C3B8H2CP,"59.5,50.8,52.3,50.9,40.2,51.4,88.1,,71.2,,34.6, , 50.1,69.8,994.0,527.9,108.0",1235641,2019-12-01 03:50:31 UTC,,,
0EADXX5080045WFJER4RABA6TR,"58.2,50.9,52.1,50.9,40.2,51.6,83.0,,70.8,,34.6, , 50.2,68.4,994.0,527.9,108.3",1235641,2019-12-01 03:50:46 UTC,,,
0EADXX9JWFRBMGQ6NXC8FZ0SY6,"57.3,50.9,51.9,50.9,40.2,51.7,79.5,,70.5,,34.6, , 50.2,67.5,994.0,528.5,109.3",1235641,2019-12-01 03:51:01 UTC,,,
0EADXXE583X873VCQ37D04VQS7,"56.5,50.9,51.7,50.9,40.1,51.8,76.9,,70.3,,34.5, , 50.3,67.1,994.0,529.0,108.4",1235641,2019-12-01 03:51:16 UTC,,,
0EADXXJR33Q49CN78EGGZ8ZFMR,"55.8,51.0,51.4,50.9,40.1,51.8,75.1,,69.9,,34.5, , 50.3,66.8,994.0,529.0,108.6",1235641,2019-12-01 03:51:31 UTC,,,
0EADXXQAJVEXTHBY8P0ZFVXSRC,"55.3,51.0,51.2,50.9,40.1,51.9,73.2,,69.7,,34.5, , 50.3,66.7,994.0,529.0,109.5",1235641,2019-12-01 03:51:46 UTC,,,
0EADXXVWM0XA0QN6PBZRX70H5T,"54.8,51.0,50.9,51.0,40.1,51.9,71.5,,69.5,,34.5, , 50.4,66.6,994.0,529.0,108.6",1235641,2019-12-01 03:52:01 UTC,,,
0EADXY0FSNMCPH9KGE39XBW7F0,"54.5,51.0,50.8,50.9,40.1,51.9,69.7,,69.2,,34.5, , 50.4,66.6,994.0,529.0,108.9",1235641,2019-12-01 03:52:16 UTC,,,
0EADXY51SGCTBDZ2NV414EBNW6,"54.0,51.1,50.5,50.9,40.1,52.0,68.2,,68.9,,34.5, , 50.4,66.6,994.0,529.0,108.6",1235641,2019-12-01 03:52:31 UTC,,,
0EADXY9MNXQA9ZC355FH36D563,"53.7,51.1,50.3,50.9,40.1,52.0,66.8,,68.7,,34.5, , 50.4,66.5,994.0,529.0,108.6",1235641,2019-12-01 03:52:46 UTC,,,
0EADXYE6S6ZS89PT7N8935YZQN,"53.3,51.1,50.2,50.9,40.1,52.0,66.2,,68.5,,34.6, , 50.4,66.4,994.0,528.5,108.8",1235641,2019-12-01 03:53:01 UTC,,,
0EADXYJS38EW191AW87TE5Z02W,"53.1,51.1,50.0,50.8,40.1,52.0,64.3,,68.2,,34.6, , 50.5,66.4,994.0,528.5,109.4",1235641,2019-12-01 03:53:16 UTC,,,
0EADXYQBFZH21Q55D8YHR24K0A,"52.9,51.1,49.9,50.8,40.1,52.0,63.2,,68.0,,34.6, , 50.5,66.3,994.0,529.0,108.8",1235641,2019-12-01 03:53:31 UTC,,,
0EADXYVY2A17Y3H27M3ZZAM4FC,"52.6,51.1,49.6,50.8,40.1,52.0,62.4,,67.8,,34.5, , 50.5,66.2,994.0,528.5,109.6",1235641,2019-12-01 03:53:46 UTC,,,
0EADXZ0GJ3CSESAMCKMNQQKSA3,"52.3,51.1,49.5,50.8,40.1,52.1,61.5,,67.6,,34.5, , 50.5,66.2,994.0,529.0,108.8",1235641,2019-12-01 03:54:01 UTC,,,
0EADXZ53130FQCJRVRZ3RT1SE0,"52.1,51.2,49.4,50.8,40.1,52.0,183.9,,67.4,,34.5, , 50.5,66.1,994.0,529.6,109.5",1235641,2019-12-01 03:54:16 UTC,,,
0EADXZ9NS7Q540QW126P8QAWK6,"51.9,51.2,49.2,50.6,40.1,52.1,183.9,,67.1,,34.5, , 50.5,66.0,994.0,529.0,109.6",1235641,2019-12-01 03:54:31 UTC,,,
0EADXZE83DP2A3S85K9CNHTGZC,"51.7,51.2,49.1,50.6,40.1,52.1,59.3,,67.0,,34.5, , 50.5,66.0,994.0,529.6,108.8",1235641,2019-12-01 03:54:46 UTC,,,
0EADXZJTP8ST761Z2GW3QM6Z17,"51.4,51.2,49.0,50.5,40.1,52.1,58.7,,66.8,,34.5, , 50.5,65.9,994.0,530.1,109.7",1235641,2019-12-01 03:55:01 UTC,,,
0EADXZQCWXGKDNCB5Y57AD5PB5,"51.4,51.2,48.8,50.5,40.1,52.1,59.3,,66.5,,34.6, , 50.5,65.8,994.0,530.1,109.2",1235641,2019-12-01 03:55:16 UTC,,,
0EADXZVZRYRR2DKBZZ8TJCHPP3,"52.6,51.2,48.8,50.5,40.1,52.1,67.9,,66.3,,34.6, , 50.5,65.9,993.9,530.1,108.9",1235641,2019-12-01 03:55:31 UTC,,,
0EADY00HYNJPTCFHHQ0W51V6KK,"53.6,51.2,49.2,50.5,40.3,51.9,73.7,,66.3,,34.6, , 50.5,67.2,993.9,530.7,108.4",1235641,2019-12-01 03:55:46 UTC,,,
0EADY054Z3CEPPTGTAZJ3C40RK,"54.4,51.2,49.4,50.5,40.3,51.8,78.2,,66.3,,34.5, , 50.5,67.7,993.9,530.1,108.9",1235641,2019-12-01 03:56:01 UTC,,,
0EADY09QAFJJ5NKQ95KARJ6JD0,"55.1,51.2,49.6,50.5,40.4,51.8,82.1,,66.4,,34.6, , 50.5,67.9,993.9,530.7,108.5",1235641,2019-12-01 03:56:16 UTC,,,
0EADY0E9FK8ZPJ02CGY6C2C3AE,"55.7,51.1,49.9,50.5,40.4,51.7,85.9,,66.7,,34.5, , 50.5,68.5,993.9,530.1,107.4",1235641,2019-12-01 03:56:31 UTC,,,
0EADY0JVZT9EXTBF7RZT280N5D,"56.4,51.2,50.1,50.5,40.4,51.6,89.6,,67.0,,34.5, , 50.5,68.7,994.0,530.1,108.1",1235641,2019-12-01 03:56:46 UTC,,,
0EADY0QEMD6941H3EFV0R8JD6V,"56.8,51.1,50.3,50.5,40.5,51.6,93.0,,67.3,,34.5, , 50.5,68.8,993.9,530.1,107.9",1235641,2019-12-01 03:57:01 UTC,,,
0EADY0W0XPSVPRJXH5HZ757A29,"57.2,51.1,50.5,50.5,40.5,51.6,95.9,,67.6,,34.5, , 50.5,69.0,993.9,530.1,107.7",1235641,2019-12-01 03:57:16 UTC,,,
0EADY10KJC1S95K7C401ZWT5BE,"57.7,51.2,50.9,50.6,40.5,51.6,98.6,,67.7,,34.5, , 50.5,69.0,993.9,530.1,107.1",1235641,2019-12-01 03:57:31 UTC,,,
0EADY1564DG7ZN5298EYSVARTT,"58.2,51.1,51.0,50.5,40.5,51.6,101.1,,67.9,,34.5, , 50.5,69.2,993.9,530.7,107.6",1235641,2019-12-01 03:57:46 UTC,,,
0EADY19RP6FZKVM1K4MHMZ6VAY,"58.7,51.2,51.2,50.6,40.6,51.6,103.3,,68.0,,34.5, , 50.5,69.0,993.9,530.7,107.3",1235641,2019-12-01 03:58:01 UTC,,,
0EADY1EAW9YPGCJ0YSB4C0VWJK,"59.1,51.1,51.3,50.6,40.6,51.6,105.3,,68.3,,34.5, , 50.5,69.2,993.9,530.7,106.6",1235641,2019-12-01 03:58:16 UTC,,,
0EADY1JX87J56S1B27H8MPAY4R,"59.3,51.2,51.5,50.6,40.6,51.6,107.1,,68.7,,34.5, , 50.5,69.3,993.9,530.7,107.5",1235641,2019-12-01 03:58:31 UTC,,,
0EADY1QFXP8FBFVRHHWZ02W0TV,"59.8,51.2,51.8,50.8,40.6,51.6,108.8,,69.1,,34.5, , 50.5,69.3,993.9,530.1,106.4",1235641,2019-12-01 03:58:46 UTC,,,
0EADY1W2AKG0DMTMNDEFHWDK6F,"60.2,51.2,51.9,50.8,40.6,51.6,110.0,,69.2,,34.6, , 50.5,69.1,993.9,530.1,107.7",1235641,2019-12-01 03:59:01 UTC,,,
0EADY20MVYSW4A10K117YTW742,"60.5,51.2,52.1,50.8,40.6,51.6,111.4,,69.5,,34.6, , 50.5,69.1,993.9,530.1,107.3",1235641,2019-12-01 03:59:16 UTC,,,
0EADY2576A5K31DK8FP8KT2A93,"60.9,51.2,52.2,50.8,40.6,51.6,112.5,,69.8,,34.6, , 50.5,69.3,993.9,529.0,107.7",1235641,2019-12-01 03:59:31 UTC,,,
0EADY29SKZKYVKNXJ51M31X7V6,"61.6,51.2,52.3,50.9,40.6,51.7,113.4,,70.4,,34.6, , 50.6,69.1,993.9,529.0,107.7",1235641,2019-12-01 03:59:46 UTC,,,
0EADY2ECGJRD4QP2T5RQSQCMJM,"61.9,51.4,52.4,51.0,40.6,51.7,114.3,,70.4,,34.6, , 50.6,69.2,994.0,529.0,106.4",1235641,2019-12-01 04:00:01 UTC,,,
0EADY2JYWM19NR98JNQYW6RBXZ,"62.1,51.4,52.6,51.0,40.7,51.7,115.2,,70.8,,34.6, , 50.6,69.2,994.0,529.6,106.8",1235641,2019-12-01 04:00:16 UTC,,,
0EADY2QHFB92C8THT8HB8CMP81,"62.3,51.4,52.7,51.1,40.6,51.7,116.0,,70.9,,34.6, , 50.6,69.4,993.9,528.5,106.4",1235641,2019-12-01 04:00:31 UTC,,,
0EADY2W3JBV7XXZ5304GWEF3C9,"62.5,51.4,52.8,51.1,40.7,51.7,116.5,,71.0,,34.6, , 50.6,69.3,994.0,529.0,106.9",1235641,2019-12-01 04:00:46 UTC,,,
0EADY30P3WBAJ97ZYNE27MB290,"62.7,51.5,52.9,51.1,40.7,51.7,117.2,,71.2,,34.5, , 50.6,69.3,994.0,528.5,107.3",1235641,2019-12-01 04:01:01 UTC,,,
0EADY358KJW530A5HMEPC8Y10H,"62.7,51.5,52.9,51.2,40.7,51.7,117.5,,71.3,,34.5, , 50.6,69.3,994.0,529.0,106.7",1235641,2019-12-01 04:01:16 UTC,,,
0EADY39V0E26SZTP5277FCDX8R,"63.0,51.5,53.0,51.3,40.7,51.8,117.8,,71.5,,34.5, , 50.6,69.1,994.0,528.5,106.4",1235641,2019-12-01 04:01:31 UTC,,,
0EADY3EEEEY9MHN5Z1205C75JA,"63.2,51.5,53.1,51.3,40.7,51.8,116.1,,71.7,,34.5, , 50.7,69.2,994.0,529.0,107.1",1235641,2019-12-01 04:01:46 UTC,,,
0EADY3K07PM0NKRM14ZYBWR2WQ,"63.0,51.6,53.2,51.4,40.9,51.9,112.6,,71.9,,34.4, , 50.7,69.2,994.0,528.5,106.9",1235641,2019-12-01 04:02:01 UTC,,,
0EADY3QJJ9NCD3KX3E0WY2E27M,"62.8,51.6,53.2,51.4,40.9,51.9,108.1,,71.9,,34.5, , 50.7,69.2,994.0,529.6,106.5",1235641,2019-12-01 04:02:16 UTC,,,
0EADY3W5E580XSDGA3T2XPD17A,"62.9,51.7,53.3,51.5,41.0,51.9,103.4,,71.9,,34.4, , 50.7,69.1,994.0,529.6,106.2",1235641,2019-12-01 04:02:31 UTC,,,
0EADY40QN9DV6AFAKS2V6SFJJD,"62.6,51.7,53.3,51.5,41.0,51.9,98.8,,71.9,,34.4, , 50.7,69.1,994.0,529.6,106.4",1235641,2019-12-01 04:02:46 UTC,,,
0EADY459XRFQ5D17HMM7VF6176,"61.6,51.7,53.3,51.5,40.9,52.1,93.4,,71.6,,34.4, , 50.8,69.2,993.9,530.1,106.3",1235641,2019-12-01 04:03:01 UTC,,,
0EADY49X8VRN0ET7PM848WGQHM,"59.6,51.8,53.0,51.7,40.9,52.3,86.9,,71.3,,34.5, , 50.8,68.8,993.9,530.7,106.7",1235641,2019-12-01 04:03:16 UTC,,,
0EADY4EEWM8X7NKV46X5GAYHSC,"58.3,51.8,52.8,51.7,40.9,52.4,82.6,,70.9,,34.5, , 50.9,67.7,993.9,530.1,107.3",1235641,2019-12-01 04:03:31 UTC,,,
0EADY4K1M6Q4Y04D7F1N1RTDZ1,"57.4,51.8,52.6,51.7,40.9,52.4,79.5,,70.7,,34.5, , 50.9,67.1,993.9,530.1,107.3",1235641,2019-12-01 04:03:46 UTC,,,
0EADY4QM1GZD4P2RD786BBBY7S,"56.6,51.8,52.3,51.7,40.7,52.5,77.0,,70.5,,34.5, , 51.0,66.8,993.9,530.7,107.3",1235641,2019-12-01 04:04:01 UTC,,,
0EADY4W7E48VSMWKFTWKX6AP2E,"56.0,51.9,52.1,51.7,40.7,52.6,75.2,,70.1,,34.5, , 51.0,66.6,993.9,529.6,107.5",1235641,2019-12-01 04:04:16 UTC,,,
0EADY50RZTXW1DK7FR5DD6RJ72,"55.6,51.9,51.8,51.7,40.7,52.6,73.2,,69.9,,34.5, , 51.0,66.5,993.9,529.6,107.5",1235641,2019-12-01 04:04:31 UTC,,,
0EADY55BFPYWXY980S1XKPXZ6T,"55.1,51.9,51.7,51.5,40.7,52.7,71.3,,69.7,,34.5, , 51.0,66.5,993.9,529.6,107.5",1235641,2019-12-01 04:04:46 UTC,,,
0EADY59Y8W2S4W9ZY7BTW1HWRJ,"54.7,52.0,51.3,51.7,40.7,52.7,69.7,,69.5,,34.5, , 51.0,66.4,993.9,530.1,107.3",1235641,2019-12-01 04:05:01 UTC,,,
0EADY5EGEETNSD7SCHBJJB5KJE,"54.4,52.0,51.1,51.5,40.7,52.7,68.3,,69.2,,34.5, , 51.1,66.4,993.9,529.0,107.3",1235641,2019-12-01 04:05:16 UTC,,,
0EADY5K35T135ERC78DGZHMX20,"54.0,52.0,51.0,51.5,40.6,52.8,66.9,,68.9,,34.5, , 51.1,66.3,994.0,529.6,107.6",1235641,2019-12-01 04:05:31 UTC,,,
0EADY5QNMSRC6CV1CB3JB9VY6C,"53.7,52.1,50.8,51.5,40.7,52.7,65.7,,68.7,,34.5, , 51.1,66.3,994.0,529.0,107.5",1235641,2019-12-01 04:05:46 UTC,,,
0EADY5W81XDW5QQAEFPN275M4J,"53.5,52.0,50.5,51.5,40.6,52.8,64.6,,68.5,,34.5, , 51.1,66.2,994.0,529.0,107.7",1235641,2019-12-01 04:06:01 UTC,,,
0EADY60TCCDJ0G9ETKCPJHYFE4,"53.1,52.1,50.4,51.4,40.6,52.7,63.5,,68.2,,34.5, , 51.1,66.1,994.0,529.6,107.3",1235641,2019-12-01 04:06:16 UTC,,,
0EADY65D3HX5VC7Y4RXPYVA3C5,"52.9,52.1,50.3,51.5,40.6,52.8,62.5,,68.1,,34.5, , 51.1,66.0,994.0,528.5,107.4",1235641,2019-12-01 04:06:31 UTC,,,
0EADY69ZA37WBKH4HPWJ8GN3H8,"52.6,52.1,50.1,51.4,40.6,52.8,61.9,,67.9,,34.5, , 51.1,65.9,994.0,529.0,107.5",1235641,2019-12-01 04:06:46 UTC,,,
0EADY6EHRGQDQ1A128GE272ZC7,"52.4,52.1,50.0,51.4,40.6,52.7,61.2,,67.7,,34.5, , 51.2,65.9,994.0,529.6,107.6",1235641,2019-12-01 04:07:01 UTC,,,
0EADY6K4GHP1BAZKKYDAYEE0KV,"52.2,52.1,49.9,51.3,40.6,52.8,60.6,,67.4,,34.5, , 51.2,65.8,994.0,529.6,108.0",1235641,2019-12-01 04:07:16 UTC,,,
0EADY6QPT4ATBSSJPNMR0C3ACA,"52.0,52.1,49.6,51.3,40.6,52.8,59.9,,67.3,,34.5, , 51.2,65.8,994.0,529.0,107.3",1235641,2019-12-01 04:07:31 UTC,,,
0EADY6W9ABWM7GZA5S2CPYY965,"51.8,52.1,49.6,51.3,40.6,52.8,59.4,,67.1,,34.5, , 51.2,65.7,994.0,529.6,107.8",1235641,2019-12-01 04:07:46 UTC,,,
0EADY70VRY68CXC7E3JJTH5GGG,"51.5,52.1,49.4,51.2,40.6,52.8,58.9,,66.9,,34.5, , 51.2,65.6,994.0,529.6,107.3",1235641,2019-12-01 04:08:01 UTC,,,
0EADY75EJS7XXTW1QZJJ6HKQ6C,"51.5,52.1,49.3,51.2,40.6,52.7,59.5,,66.8,,34.5, , 51.2,65.6,994.0,529.6,107.7",1235641,2019-12-01 04:08:16 UTC,,,
0EADY7A0X7RHVMQT9XEFEM8JA4,"52.7,52.1,49.4,51.2,40.7,52.7,68.2,,66.5,,34.5, , 51.2,65.7,993.9,530.1,107.4",1235641,2019-12-01 04:08:31 UTC,,,
0EADY7EKFDJPKCT69X86ZG5534,"53.7,52.1,49.7,51.3,40.9,52.5,74.0,,66.4,,34.5, , 51.2,66.8,994.0,529.6,107.0",1235641,2019-12-01 04:08:46 UTC,,,
0EADY7K5WCBDPHHHBP9C3PHJWV,"54.5,52.1,50.0,51.2,41.0,52.4,78.4,,66.5,,34.5, , 51.1,67.2,993.9,530.7,107.0",1235641,2019-12-01 04:09:01 UTC,,,
0EADY7QRBJHHT2TA47BR79VTDE,"55.3,52.1,50.2,51.2,41.1,52.3,82.3,,66.8,,34.5, , 51.1,67.5,993.9,530.7,106.8",1235641,2019-12-01 04:09:16 UTC,,,
0EADY7WAY152646GWG6D945125,"55.9,52.1,50.4,51.2,41.1,52.3,86.3,,67.0,,34.5, , 51.1,67.7,993.9,530.7,106.2",1235641,2019-12-01 04:09:31 UTC,,,
0EADY80XMNJRVRAGTTN5J01MD0,"56.4,52.1,50.6,51.2,41.1,52.3,89.8,,67.1,,34.5, , 51.1,68.0,993.9,530.7,106.5",1235641,2019-12-01 04:09:46 UTC,,,
0EADY85FJGWRE2SV4MR6P1AC0A,"57.1,52.1,50.9,51.2,41.1,52.1,93.2,,67.3,,34.5, , 51.1,68.0,993.9,531.2,105.9",1235641,2019-12-01 04:10:01 UTC,,,
0EADY8A263SQ28RTJDDDMHPPJH,"57.4,52.0,51.1,51.3,41.1,52.1,96.5,,67.6,,34.5, , 51.1,68.2,993.9,531.2,106.2",1235641,2019-12-01 04:10:16 UTC,,,
0EADY8EMSKM04DM3S8TGYTRTX4,"57.7,52.1,51.3,51.3,41.1,52.1,99.1,,68.0,,34.6, , 51.1,68.7,993.8,531.8,105.8",1235641,2019-12-01 04:10:31 UTC,,,
0EADY8K6Z6ZGCQJ6Z67YMNQ6JX,"58.2,52.1,51.5,51.3,41.2,52.1,101.5,,68.3,,34.6, , 51.1,68.6,993.9,531.8,105.9",1235641,2019-12-01 04:10:46 UTC,,,
0EADY8QSFTRVFC0E1X30ZCD8FB,"58.7,52.1,51.9,51.3,41.2,52.3,103.8,,68.5,,34.7, , 51.1,68.6,993.8,532.4,105.9",1235641,2019-12-01 04:11:01 UTC,,,
0EADY8WC5NWZN7XB39DFXPN9Z7,"59.3,52.1,52.0,51.3,41.2,52.1,105.8,,68.8,,34.7, , 51.1,68.7,993.8,532.9,105.5",1235641,2019-12-01 04:11:16 UTC,,,
0EADY90YHYX1NV2PN0F6YJWEKW,"59.8,52.1,52.2,51.3,41.2,52.3,107.5,,69.1,,34.9, , 51.1,68.9,993.8,532.4,105.6",1235641,2019-12-01 04:11:31 UTC,,,
0EADY95H2G4A4MJ9E95YRVZ8S0,"60.1,52.1,52.3,51.4,41.2,52.1,109.1,,69.2,,34.8, , 51.1,68.9,993.8,532.4,106.1",1235641,2019-12-01 04:11:46 UTC,,,
0EADY9A3H1WAPWS6A90GD9P3NF,"60.4,52.1,52.4,51.4,41.2,52.3,110.5,,69.6,,34.8, , 51.2,69.0,993.9,532.9,105.3",1235641,2019-12-01 04:12:01 UTC,,,
0EADY9ENZ9MA5RZ48MKHKN085R,"60.7,52.1,52.7,51.4,41.2,52.3,111.8,,70.1,,34.8, , 51.2,68.9,993.9,532.9,104.9",1235641,2019-12-01 04:12:16 UTC,,,
0EADY9K8G589DKJ7MCH6CNSCQ4,"61.1,52.3,52.8,51.5,41.2,52.3,112.8,,70.3,,34.8, , 51.2,69.0,993.9,532.4,105.1",1235641,2019-12-01 04:12:31 UTC,,,
0EADY9QTX6H1RZHRE5T8VXQC7J,"61.6,52.3,52.9,51.5,41.2,52.3,113.9,,70.4,,34.7, , 51.2,69.0,993.9,532.4,105.4",1235641,2019-12-01 04:12:46 UTC,,,
0EADY9WDF5FMWX0Z4R1ANMYTAS,"61.7,52.3,53.0,51.5,41.2,52.3,114.8,,70.7,,34.6, , 51.2,68.8,993.9,532.4,105.4",1235641,2019-12-01 04:13:01 UTC,,,
0EADYA0ZW8EZRDR1C3SQN4MCND,"62.1,52.3,53.1,51.7,41.3,52.3,115.6,,71.0,,34.7, , 51.2,68.9,993.9,531.8,105.4",1235641,2019-12-01 04:13:16 UTC,,,
0EADYA5M657GSW1C277ECZD184,"62.5,52.4,53.3,51.7,41.3,52.3,116.4,,71.2,,34.7, , 51.2,69.0,993.9,532.4,105.3",1235641,2019-12-01 04:13:31 UTC,,,
0EADYAA50DH89D93Y5HJQ7FWMS,"62.8,52.4,53.5,51.8,41.3,52.4,117.1,,71.5,,34.7, , 51.2,68.9,993.9,532.4,105.7",1235641,2019-12-01 04:13:46 UTC,,,
0EADYAEQAY8F7C8VW7NQ8JKFZW,"63.1,52.4,53.6,51.8,41.3,52.4,117.7,,71.8,,34.7, , 51.2,68.9,993.9,532.4,105.6",1235641,2019-12-01 04:14:01 UTC,,,
0EADYAK9X04BM1F54TJN0X8GA9,"63.6,52.4,53.7,51.8,41.3,52.4,117.4,,72.1,,34.6, , 51.2,68.9,993.9,532.9,105.0",1235641,2019-12-01 04:14:16 UTC,,,
0EADYAQWCJ71V66RYYED008YQ9,"63.6,52.5,53.7,51.9,41.3,52.5,115.2,,72.4,,34.6, , 51.3,68.9,993.9,532.4,105.2",1235641,2019-12-01 04:14:31 UTC,,,
0EADYAWEWTJNE73CJGE53TDBK3,"63.9,52.5,53.8,52.0,41.4,52.4,111.2,,72.3,,34.6, , 51.3,69.0,993.9,532.9,104.9",1235641,2019-12-01 04:14:46 UTC,,,
0EADYB11E9SMD9D063DB86F624,"63.5,52.5,53.9,52.0,41.4,52.5,106.7,,72.1,,34.6, , 51.3,69.0,993.9,532.4,104.3",1235641,2019-12-01 04:15:01 UTC,,,
0EADYB5MHNQ3DTMGZ08P4E4C5Q,"63.1,52.6,53.9,52.0,41.5,52.5,102.0,,72.2,,34.6, , 51.3,69.0,993.9,532.9,104.1",1235641,2019-12-01 04:15:16 UTC,,,
0EADYBA656ZDS21CM68ZN8MDBW,"62.9,52.6,54.0,52.1,41.5,52.5,97.5,,72.1,,34.6, , 51.3,69.0,993.9,532.4,105.0",1235641,2019-12-01 04:15:31 UTC,,,
0EADYBESGFEZB80JNWMAS6A1GN,"61.3,52.7,53.6,52.1,41.4,52.6,91.3,,71.7,,34.6, , 51.4,69.0,993.9,532.9,104.7",1235641,2019-12-01 04:15:46 UTC,,,
0EADYBKBJ6KMWK79QHK4GWWC4B,"59.6,52.7,53.5,52.2,41.4,52.7,85.8,,71.5,,34.5, , 51.4,68.0,993.9,532.9,105.4",1235641,2019-12-01 04:16:01 UTC,,,
0EADYBQXS5RKD87WVMXMJM5NB1,"58.5,52.7,53.1,52.2,41.4,52.8,82.1,,71.0,,34.4, , 51.5,67.2,993.9,531.8,105.4",1235641,2019-12-01 04:16:16 UTC,,,
0EADYBWGFX30HZGS6PJ9BRDJ5H,"57.6,52.7,53.0,52.1,41.3,52.9,79.3,,70.8,,34.4, , 51.5,66.8,993.9,531.8,106.5",1235641,2019-12-01 04:16:31 UTC,,,
0EADYC12SWX9376G697A2723X7,"56.8,52.8,52.8,52.2,41.3,52.9,76.8,,70.5,,34.4, , 51.5,66.5,993.9,532.4,105.3",1235641,2019-12-01 04:16:46 UTC,,,
0EADYC5NDNAP37JE2NW2JREGJA,"56.3,52.8,52.6,52.1,41.3,53.0,74.9,,70.3,,34.3, , 51.5,66.4,993.8,532.4,106.3",1235641,2019-12-01 04:17:01 UTC,,,
0EADYCA7RZKW7VW9B7NM2T07E5,"55.7,52.9,52.3,52.1,41.3,53.0,73.1,,70.0,,34.3, , 51.6,66.3,993.8,531.8,106.3",1235641,2019-12-01 04:17:16 UTC,,,
0EADYCETBXZZVQVKFAZCQQYST4,"55.3,52.9,52.1,52.1,41.3,53.0,71.4,,69.8,,34.3, , 51.6,66.3,993.8,532.4,106.5",1235641,2019-12-01 04:17:31 UTC,,,
0EADYCKCN6GHRZP9S09BMT062D,"54.9,52.9,51.9,52.1,41.2,53.2,69.8,,69.6,,34.1, , 51.6,66.2,993.9,532.9,106.7",1235641,2019-12-01 04:17:46 UTC,,,
0EADYCQZ49AYEHCGJSJBGMN59T,"54.6,53.0,51.7,52.1,41.2,53.2,68.4,,69.2,,34.1, , 51.6,66.2,993.9,532.4,106.2",1235641,2019-12-01 04:18:01 UTC,,,
0EADYCWHW1E8QPMNX4BXCJDAJW,"54.1,53.0,51.4,52.0,41.2,53.2,67.1,,69.0,,34.1, , 51.6,66.1,993.9,532.9,105.6",1235641,2019-12-01 04:18:16 UTC,,,
0EADYD141WS9054VX81NHBPGMJ,"53.9,53.0,51.2,52.0,41.2,53.3,66.0,,68.8,,34.3, , 51.6,66.1,993.9,532.9,105.4",1235641,2019-12-01 04:18:31 UTC,,,
0EADYD5PEHWMNNR3WXHWRH1KNK,"53.6,53.0,51.1,52.0,41.2,53.3,65.0,,68.7,,34.3, , 51.6,66.0,993.9,532.4,105.8",1235641,2019-12-01 04:18:46 UTC,,,
0EADYDA8Y7NWR6CN5V5A5724YK,"53.3,53.0,50.9,51.9,41.2,53.3,64.1,,68.5,,34.3, , 51.6,66.0,993.8,532.4,105.7",1235641,2019-12-01 04:19:01 UTC,,,
0EADYDEVNCDWSJJ8NMW96B982N,"53.1,53.0,50.8,52.0,41.2,53.3,63.1,,68.2,,34.1, , 51.7,65.9,993.8,532.4,105.9",1235641,2019-12-01 04:19:16 UTC,,,
0EADYDKDXEBHZ4AV1DEW8TYAT2,"52.8,53.0,50.6,51.9,41.2,53.3,62.3,,68.0,,34.1, , 51.7,65.9,993.9,532.9,106.0",1235641,2019-12-01 04:19:31 UTC,,,
0EADYDR0G3JH6KSB358XQGH9R3,"52.6,53.0,50.4,51.9,41.2,53.3,61.6,,67.8,,34.1, , 51.7,65.8,993.9,532.9,106.0",1235641,2019-12-01 04:19:46 UTC,,,
0EADYDWJXAP8V2FE9EW7GBSW0C,"52.3,53.0,50.3,51.9,41.2,53.4,61.0,,67.7,,34.1, , 51.7,65.8,993.8,533.5,106.2",1235641,2019-12-01 04:20:01 UTC,,,
0EADYE15KJ3BFDBZ5AEKFPT6Y8,"52.1,53.0,50.1,51.9,41.2,53.4,60.4,,67.4,,34.1, , 51.7,65.7,993.8,534.0,106.3",1235641,2019-12-01 04:20:16 UTC,,,
0EADYE5R0CHARBAFDW10G9S049,"52.0,53.0,50.0,51.9,41.2,53.4,59.8,,67.2,,34.1, , 51.7,65.7,993.8,533.5,106.0",1235641,2019-12-01 04:20:31 UTC,,,
0EADYEAADXZYX26PF6S71QJ28H,"51.8,53.0,49.9,51.8,41.2,53.4,59.4,,67.1,,34.1, , 51.7,65.6,993.8,534.0,106.4",1235641,2019-12-01 04:20:46 UTC,,,
0EADYEEWX4VDY87V4TRTTHHFVC,"51.7,53.0,49.6,51.8,41.2,53.5,58.9,,66.9,,34.1, , 51.7,65.6,993.8,534.6,106.3",1235641,2019-12-01 04:21:01 UTC,,,
0EADYEKFCHQXGJXGBNTNM7MCGV,"52.4,53.0,49.9,51.8,41.2,53.4,65.8,,66.8,,34.1, , 51.7,65.4,993.8,535.7,106.2",1235641,2019-12-01 04:21:16 UTC,,,
0EADYER240NPZFX97MMY9QQCTK,"53.5,53.0,50.2,51.8,41.3,53.2,72.5,,66.5,,34.1, , 51.6,66.3,993.7,535.7,105.5",1235641,2019-12-01 04:21:31 UTC,,,
0EADYEWMBKS63VYTFQCDCXSDNC,"54.2,53.0,50.4,51.8,41.4,53.0,77.2,,66.5,,34.1, , 51.6,67.1,993.7,535.7,105.6",1235641,2019-12-01 04:21:46 UTC,,,
0EADYF16VWZQJND76EXPH7J8PF,"55.0,53.0,50.6,51.8,41.5,52.9,81.2,,66.8,,34.1, , 51.6,67.4,993.7,535.7,105.0",1235641,2019-12-01 04:22:01 UTC,,,
0EADYF5SG28Y55DCJY3BC2QGJZ,"55.6,53.0,51.0,51.8,41.5,52.8,85.1,,67.0,,34.3, , 51.6,67.9,993.7,536.2,104.0",1235641,2019-12-01 04:22:16 UTC,,,
0EADYFAC3M8DYSWNE56J5WXG3Y,"56.2,53.0,51.2,51.8,41.6,52.8,88.9,,67.2,,34.3, , 51.6,67.5,993.7,535.7,105.1",1235641,2019-12-01 04:22:31 UTC,,,
0EADYFEY9FT942WKZR2S9HQXWZ,"56.7,52.9,51.4,51.8,41.6,52.7,92.3,,67.3,,34.3, , 51.6,67.6,993.7,535.7,105.9",1235641,2019-12-01 04:22:46 UTC,,,
0EADYFKGSQDQA5QFTASTBYDMVG,"57.4,52.9,51.7,51.8,41.6,52.7,95.6,,67.6,,34.3, , 51.6,67.7,993.7,535.1,104.3",1235641,2019-12-01 04:23:01 UTC,,,
0EADYFR3CW2PA5PNYBTWMHXZ99,"57.8,53.0,51.9,51.8,41.8,52.7,98.5,,67.9,,34.4, , 51.6,68.1,993.7,535.7,104.5",1235641,2019-12-01 04:23:16 UTC,,,
0EADYFWNRA1ETED3NZST8NNDHA,"58.1,52.9,52.1,51.8,41.8,52.7,101.0,,68.3,,34.4, , 51.6,68.2,993.7,535.7,105.0",1235641,2019-12-01 04:23:31 UTC,,,
0EADYG185MKNC9R7K9GX0ADCJV,"58.4,52.9,52.3,51.8,41.8,52.7,103.5,,68.8,,34.5, , 51.6,68.5,993.8,535.7,104.2",1235641,2019-12-01 04:23:46 UTC,,,
0EADYG5TSQN7K2FF9XA6BB9E34,"59.0,52.9,52.6,51.9,41.8,52.7,105.5,,68.9,,34.6, , 51.6,68.4,993.8,535.7,104.4",1235641,2019-12-01 04:24:01 UTC,,,
0EADYGAD4M1NZ1B9FAZXYP1HY7,"59.5,52.9,52.7,51.9,41.8,52.8,107.3,,69.1,,34.5, , 51.6,68.3,993.8,535.7,104.8",1235641,2019-12-01 04:24:16 UTC,,,
0EADYGEZMCBENGWM18BPN654XG,"60.0,53.0,52.9,51.9,41.8,52.8,108.9,,69.4,,34.5, , 51.6,68.2,993.7,535.1,104.6",1235641,2019-12-01 04:24:31 UTC,,,
0EADYGKJ66PC7WBYQ4Y6X69AES,"60.3,53.0,53.1,51.9,41.9,52.8,110.5,,69.8,,34.6, , 51.6,68.2,993.7,535.7,104.8",1235641,2019-12-01 04:24:46 UTC,,,
0EADYGR4XJW4F5BQ6AXSMSC4F9,"60.4,53.0,53.2,52.0,41.8,52.8,111.8,,70.0,,34.5, , 51.6,68.5,993.7,536.2,104.9",1235641,2019-12-01 04:25:01 UTC,,,
0EADYGWQ53XHRTV0WSYR56Q0V4,"60.9,53.0,53.3,52.0,41.9,52.8,113.0,,69.9,,34.5, , 51.6,68.6,993.7,536.8,104.2",1235641,2019-12-01 04:25:16 UTC,,,
0EADYH19QK3PZEBVP878JMWDYC,"61.2,53.0,53.5,52.0,41.9,52.9,114.1,,70.6,,34.5, , 51.6,68.4,993.7,537.4,104.3",1235641,2019-12-01 04:25:31 UTC,,,
0EADYH5W2JVNG24ZF4DJHVWQBW,"61.3,53.0,53.7,52.0,41.9,52.8,115.0,,70.8,,34.5, , 51.6,68.4,993.7,536.8,104.1",1235641,2019-12-01 04:25:46 UTC,,,
0EADYHAEV2TTNDN8FC0SRT4BZS,"61.9,53.0,53.8,52.1,41.9,52.8,115.7,,71.3,,34.5, , 51.7,68.7,993.7,536.8,104.1",1235641,2019-12-01 04:26:01 UTC,,,
0EADYHF1609PQKW37KNCBT9JMB,"62.5,53.2,53.9,52.2,41.9,52.9,116.5,,71.5,,34.5, , 51.7,68.8,993.7,537.9,104.2",1235641,2019-12-01 04:26:16 UTC,,,
0EADYHKKG0SF89ZWHVJTSQMCB9,"62.9,53.2,54.0,52.2,41.9,52.9,117.2,,71.8,,34.5, , 51.7,68.9,993.7,537.4,103.9",1235641,2019-12-01 04:26:31 UTC,,,
0EADYHR62ETH1Y5SGKQ9JSYMH1,"63.2,53.3,54.1,52.2,41.9,53.0,117.7,,72.1,,34.5, , 51.7,68.7,993.7,537.4,103.9",1235641,2019-12-01 04:26:46 UTC,,,
0EADYHWRGF0BN38P5NDX3R4DJC,"63.5,53.2,54.2,52.3,41.9,53.0,118.0,,72.1,,34.5, , 51.7,68.6,993.7,537.9,104.3",1235641,2019-12-01 04:27:01 UTC,,,
0EADYJ1B4PF40CWJW3X3RPZ3YV,"63.8,53.3,54.5,52.3,42.0,53.0,116.4,,72.4,,34.5, , 51.7,68.5,993.7,537.9,103.5",1235641,2019-12-01 04:27:16 UTC,,,
0EADYJ5XK5RN2CESHERSZXA09M,"63.7,53.3,54.5,52.3,42.0,53.2,113.0,,72.5,,34.5, , 51.7,68.6,993.7,538.5,103.7",1235641,2019-12-01 04:27:31 UTC,,,
0EADYJAG03FC43E8PAMGXJTYJ7,"63.7,53.3,54.6,52.4,42.0,53.2,108.7,,72.5,,34.5, , 51.7,68.6,993.6,538.5,104.1",1235641,2019-12-01 04:27:46 UTC,,,
0EADYJF2DK3XFTGQ7GM9V6ZFTA,"63.4,53.4,54.6,52.6,42.1,53.2,103.9,,72.6,,34.5, , 51.8,68.5,993.6,539.0,103.6",1235641,2019-12-01 04:28:01 UTC,,,
0EADYJKMZCT5R2K6N6702WMB2X,"63.2,53.4,54.6,52.6,42.1,53.2,99.4,,72.6,,34.4, , 51.8,68.6,993.6,538.5,103.2",1235641,2019-12-01 04:28:16 UTC,,,
0EADYJR7VMNC6QH962WMF2FT6X,"62.1,53.4,54.5,52.7,42.0,53.3,94.0,,72.5,,34.5, , 51.8,68.8,993.6,538.5,103.8",1235641,2019-12-01 04:28:31 UTC,,,
0EADYJWTQ95V05STCNA9QGFBKQ,"60.2,53.5,54.0,52.6,42.0,53.4,88.0,,72.2,,34.5, , 51.8,68.4,993.6,539.0,103.5",1235641,2019-12-01 04:28:46 UTC,,,
0EADYK1CE0ES9TDRCZZQG0093Q,"58.9,53.5,53.9,52.7,41.9,53.6,83.9,,71.7,,34.5, , 51.9,67.4,993.6,537.9,104.0",1235641,2019-12-01 04:29:01 UTC,,,
0EADYK5YXNQ35HCYW5ERVBZT3V,"58.0,53.6,53.6,52.7,41.9,53.7,80.9,,71.4,,34.6, , 51.9,66.8,993.7,537.9,104.1",1235641,2019-12-01 04:29:16 UTC,,,
0EADYKAHAKT8369PMC8ZKXPB0S,"57.3,53.6,53.5,52.7,41.9,53.7,78.3,,71.0,,34.6, , 51.9,66.6,993.6,537.9,104.1",1235641,2019-12-01 04:29:31 UTC,,,
0EADYKF3TD9709YFSY20AV3ZYT,"56.6,53.6,53.1,52.7,41.9,53.8,76.1,,70.8,,34.6, , 52.0,66.5,993.6,537.9,104.1",1235641,2019-12-01 04:29:46 UTC,,,
0EADYKKP9GTYZTGAHEKHVS5SGY,"56.0,53.6,52.9,52.7,41.9,53.8,74.3,,70.6,,34.6, , 52.0,66.5,993.6,538.5,103.9",1235641,2019-12-01 04:30:01 UTC,,,
0EADYKR8SF73C8FGNH2SPD2BYT,"55.6,53.6,52.7,52.7,41.8,53.8,72.5,,70.3,,34.6, , 52.0,66.4,993.6,537.9,104.1",1235641,2019-12-01 04:30:16 UTC,,,
0EADYKWVDSVJZZE6HB1WBTC6S6,"55.3,53.7,52.4,52.7,41.8,53.8,71.0,,70.0,,34.5, , 52.0,66.4,993.7,538.5,104.4",1235641,2019-12-01 04:30:31 UTC,,,
0EADYM1DR84HJS4E3ZKRTX123R,"54.8,53.7,52.2,52.7,41.8,53.9,69.5,,69.8,,34.5, , 52.0,66.3,993.6,539.0,104.4",1235641,2019-12-01 04:30:46 UTC,,,
0EADYM609SE8PCB3K3MGPD8WCS,"54.5,53.7,52.1,52.6,41.8,53.9,68.3,,69.6,,34.5, , 52.1,66.3,993.6,539.0,104.2",1235641,2019-12-01 04:31:01 UTC,,,
0EADYMAJQK51WXQANSBQCV18DB,"54.1,53.7,51.8,52.6,41.8,53.9,67.0,,69.4,,34.5, , 52.1,66.2,993.6,539.0,104.4",1235641,2019-12-01 04:31:16 UTC,,,
0EADYMF5C5VKQS66346TDDJV2J,"53.9,53.7,51.7,52.6,41.8,53.9,65.9,,69.1,,34.5, , 52.1,66.1,993.6,539.0,104.1",1235641,2019-12-01 04:31:31 UTC,,,
0EADYMKQVDQGCTVW8EB1TK82S3,"53.6,53.8,51.4,52.6,41.8,53.9,65.0,,68.9,,34.4, , 52.1,66.1,993.6,538.5,104.4",1235641,2019-12-01 04:31:46 UTC,,,
0EADYMRA67R2702P9D5F3N3994,"53.3,53.8,51.2,52.4,41.8,53.8,64.1,,68.7,,34.4, , 52.1,66.0,993.6,539.0,104.6",1235641,2019-12-01 04:32:01 UTC,,,
0EADYMWWQZM1ZV8HKKZ5JWBPJK,"53.1,53.8,51.1,52.4,41.8,53.9,63.3,,68.5,,34.4, , 52.1,65.9,993.6,538.5,104.3",1235641,2019-12-01 04:32:16 UTC,,,
0EADYN1F4KPHNA0J83JX7S8M65,"52.9,53.8,51.0,52.4,41.6,53.9,62.6,,68.3,,34.4, , 52.1,65.9,993.6,539.0,104.2",1235641,2019-12-01 04:32:31 UTC,,,
0EADYN61PMA54EPC0JR9NS0ZCV,"52.7,53.8,50.9,52.4,41.8,53.9,61.9,,68.1,,34.4, , 52.1,65.9,993.6,538.5,104.3",1235641,2019-12-01 04:32:46 UTC,,,
0EADYNAM3ZH55WXVKY6BFC552C,"52.4,53.8,50.6,52.3,41.8,53.9,61.3,,67.9,,34.4, , 52.1,65.8,993.6,539.0,104.5",1235641,2019-12-01 04:33:01 UTC,,,
0EADYNF6R4SAGQ82NCQXXWTB55,"52.2,53.8,50.5,52.3,41.6,53.8,60.7,,67.7,,34.4, , 52.1,65.7,993.6,537.9,104.7",1235641,2019-12-01 04:33:16 UTC,,,
0EADYNKS2TWS33AF877YQCCH43,"52.0,53.7,50.4,52.3,41.6,53.9,60.2,,67.6,,34.3, , 52.1,65.7,993.6,537.9,104.3",1235641,2019-12-01 04:33:31 UTC,,,
0EADYNRBJZZP7Q1HZF0WDD81JA,"51.9,53.8,50.3,52.3,41.6,53.9,59.7,,67.3,,34.3, , 52.1,65.6,993.6,538.5,104.2",1235641,2019-12-01 04:33:46 UTC,,,
0EADYNWY5DDTMJ9WW67CNXND8H,"51.7,53.8,50.2,52.2,41.6,53.8,59.3,,67.1,,34.3, , 52.1,65.6,993.6,537.9,104.4",1235641,2019-12-01 04:34:01 UTC,,,
0EADYP1GHPNG68W39WS6ZB6BW9,"52.4,53.7,50.3,52.3,41.6,53.8,66.2,,67.0,,34.3, , 52.1,65.5,993.6,537.9,104.6",1235641,2019-12-01 04:34:16 UTC,,,
0EADYP633A796HN4E2BP6FNCZR,"53.6,53.7,50.6,52.3,41.8,53.6,72.9,,66.9,,34.3, , 52.1,66.3,993.7,537.9,103.9",1235641,2019-12-01 04:34:31 UTC,,,
0EADYPANNPF33FPY6464AGGRT2,"54.5,53.7,51.0,52.3,42.0,53.5,77.5,,66.9,,34.3, , 52.1,67.1,993.7,537.4,103.7",1235641,2019-12-01 04:34:46 UTC,,,
0EADYPF872G4QCRH4EME1BPM41,"55.1,53.7,51.2,52.3,42.0,53.4,81.7,,67.1,,34.3, , 52.1,67.3,993.7,536.8,103.5",1235641,2019-12-01 04:35:01 UTC,,,
0EADYPKTJY5DPF1GHVCV7CQ97B,"55.8,53.7,51.4,52.3,42.1,53.3,85.5,,67.1,,34.3, , 52.0,67.1,993.7,536.8,103.9",1235641,2019-12-01 04:35:16 UTC,,,
0EADYPRCYVNNTE9R7XDFW2F99X,"56.3,53.7,51.7,52.2,42.1,53.3,89.2,,67.3,,34.3, , 52.0,67.5,993.7,537.4,103.4",1235641,2019-12-01 04:35:31 UTC,,,
0EADYPWZHYYF6X8JC7ESP71BQD,"56.7,53.7,51.9,52.3,42.1,53.2,92.7,,67.7,,34.1, , 52.0,67.8,993.7,536.8,103.2",1235641,2019-12-01 04:35:46 UTC,,,
0EADYQ1J3J9EJE57DK45XQJ24T,"57.4,53.7,52.2,52.3,42.1,53.2,95.9,,67.9,,34.1, , 52.0,68.0,993.7,536.2,103.1",1235641,2019-12-01 04:36:01 UTC,,,
0EADYQ64GRKW21RSNKT5D60PGH,"57.7,53.7,52.4,52.3,42.2,53.3,98.8,,68.1,,34.3, , 52.0,68.0,993.7,536.2,103.3",1235641,2019-12-01 04:36:16 UTC,,,
0EADYQAPXJJB3STWS85GB149WM,"58.3,53.7,52.7,52.3,42.2,53.3,101.5,,68.5,,34.5, , 52.0,68.0,993.7,536.2,103.4",1235641,2019-12-01 04:36:31 UTC,,,
0EADYQF9KGRAFA1ZZYSEVSD9WG,"58.6,53.7,52.9,52.3,42.2,53.3,103.8,,68.8,,34.6, , 52.0,68.0,993.7,536.2,103.5",1235641,2019-12-01 04:36:46 UTC,,,
0EADYQKW0YG63MCZ306CR9S8P6,"59.1,53.6,53.1,52.3,42.2,53.3,105.8,,69.1,,34.6, , 52.0,68.2,993.7,536.8,103.3",1235641,2019-12-01 04:37:01 UTC,,,
0EADYQRERFQ4MBTN246S66KYTD,"59.4,53.7,53.2,52.3,42.3,53.3,107.9,,69.4,,34.6, , 52.0,68.0,993.7,536.8,102.9",1235641,2019-12-01 04:37:16 UTC,,,
0EADYQX0VMEEF4J542SRD51SAT,"59.9,53.6,53.3,52.4,42.3,53.4,109.6,,69.7,,34.5, , 52.0,68.1,993.7,536.2,102.8",1235641,2019-12-01 04:37:31 UTC,,,
0EADYR1KBF42E3GTQJX63CSC2B,"60.5,53.7,53.6,52.4,42.3,53.4,110.9,,69.8,,34.5, , 52.0,68.3,993.7,535.7,102.8",1235641,2019-12-01 04:37:46 UTC,,,
0EADYR664YD5JE0TTKKXT7GV0P,"60.8,53.7,53.8,52.4,42.3,53.4,112.3,,69.9,,34.5, , 52.0,68.4,993.8,535.1,102.5",1235641,2019-12-01 04:38:01 UTC,,,
0EADYRARKCN6ZQRZZ5NFC7XJBZ,"61.0,53.7,53.9,52.4,42.3,53.4,113.6,,70.5,,34.7, , 52.1,68.2,993.8,534.0,102.6",1235641,2019-12-01 04:38:16 UTC,,,
0EADYRFB0G7PQW57MNK6H96BWD,"61.3,53.7,54.1,52.6,42.3,53.4,114.6,,70.6,,34.8, , 52.1,68.4,993.8,534.0,103.6",1235641,2019-12-01 04:38:31 UTC,,,
0EADYRKXCKHTSK7C4KPB1VGJ2M,"61.7,53.8,54.1,52.6,42.3,53.4,115.5,,71.0,,34.8, , 52.1,68.5,993.8,534.0,102.4",1235641,2019-12-01 04:38:46 UTC,,,
0EADYRRFQZX5AYMHT4QEFNQHBV,"62.0,53.8,54.4,52.7,42.3,53.5,116.3,,71.6,,35.0, , 52.1,68.5,993.8,534.0,102.6",1235641,2019-12-01 04:39:01 UTC,,,
0EADYRX27TH48364J6Q1XQXN56,"62.5,53.8,54.5,52.7,42.4,53.5,117.0,,71.7,,34.9, , 52.1,68.6,993.8,533.5,102.3",1235641,2019-12-01 04:39:16 UTC,,,
0EADYS1MW4DWDBR84MCF54K0XR,"62.8,53.8,54.6,52.8,42.4,53.5,117.7,,72.2,,34.7, , 52.1,68.7,993.8,534.0,102.8",1235641,2019-12-01 04:39:31 UTC,,,
0EADYS679HTVX3JT8JSS1NDJV8,"63.1,53.9,54.7,52.8,42.4,53.5,118.3,,72.4,,34.7, , 52.1,68.5,993.8,534.0,102.5",1235641,2019-12-01 04:39:46 UTC,,,
0EADYSAT0EA1RZMPP4FHS26J95,"63.5,53.9,54.8,52.9,42.4,53.6,117.5,,72.6,,34.6, , 52.1,68.7,993.8,533.5,102.9",1235641,2019-12-01 04:40:01 UTC,,,
0EADYSFC5WKQNM6VW43JPV59N4,"63.4,53.9,54.9,52.9,42.4,53.6,114.6,,72.6,,34.6, , 52.1,68.5,993.8,534.0,102.6",1235641,2019-12-01 04:40:16 UTC,,,
0EADYSKYTD3747PYKQBVBDJ39T,"63.6,54.1,54.9,52.9,42.5,53.6,110.5,,72.6,,34.5, , 52.1,68.5,993.8,533.5,102.6",1235641,2019-12-01 04:40:31 UTC,,,
0EADYSRH4ZCMYCV8GSFPZGB50X,"63.5,54.1,54.9,53.0,42.5,53.6,105.7,,72.6,,34.5, , 52.2,68.5,993.8,534.0,102.6",1235641,2019-12-01 04:40:46 UTC,,,
0EADYSX3SAJPBGP9PB3K667Y75,"63.4,54.1,55.0,53.0,42.7,53.6,101.1,,72.6,,34.4, , 52.2,68.5,993.8,534.0,102.3",1235641,2019-12-01 04:41:01 UTC,,,
0EADYT1PCTK3KZAZ3R61MF4BTZ,"62.8,54.2,54.9,53.0,42.7,53.7,97.1,,72.5,,34.4, , 52.2,68.6,993.8,534.0,102.8",1235641,2019-12-01 04:41:16 UTC,,,
0EADYT68QX87Q9VRXZDMX0E1SF,"60.9,54.2,54.5,53.1,42.5,53.8,90.1,,72.2,,34.4, , 52.3,68.7,993.8,534.6,102.0",1235641,2019-12-01 04:41:31 UTC,,,
0EADYTAV5RR4PHEH394B5G8K84,"59.3,54.2,54.4,53.0,42.4,54.1,85.7,,71.8,,34.4, , 52.3,67.5,993.8,534.6,102.6",1235641,2019-12-01 04:41:46 UTC,,,
0EADYTFDQGYQXN2SJRGK46T3RP,"58.3,54.3,54.1,53.1,42.4,54.2,82.3,,71.5,,34.4, , 52.3,66.9,993.8,534.0,102.6",1235641,2019-12-01 04:42:01 UTC,,,
0EADYTM048FKY8KW2YWCJP4KFJ,"57.4,54.3,53.9,53.1,42.3,54.2,79.6,,71.2,,34.3, , 52.4,66.6,993.8,534.0,103.5",1235641,2019-12-01 04:42:16 UTC,,,
0EADYTRJHDD8WM1416SV59JA87,"56.8,54.3,53.7,53.0,42.3,54.2,77.3,,71.0,,34.3, , 52.4,66.4,993.8,533.5,103.2",1235641,2019-12-01 04:42:31 UTC,,,
0EADYTX51AD3DK0MJNN8K0FX55,"56.2,54.3,53.3,53.1,42.3,54.3,75.4,,70.7,,34.3, , 52.4,66.3,993.8,534.0,103.2",1235641,2019-12-01 04:42:46 UTC,,,
